essentiality,group_size,avg_s,asd_s,avg_p,asd_p,avg_porp,asd_porp,avg_cord,asd_cord,sd_avg_s,sd_asd_s,sd_avg_p,sd_asd_p,sd_avg_porp,sd_asd_porp,sd_avg_cord,sd_asd_cord
0.5,2,0.002607,0.0143838,0.0009142,0.0081066,0.001794,0.029865,0.0026062,0.0492886,0.0008284,0.003034,0.000337,0.001824,0.0005468,0.004844,0.0009892,0.0099672
0.526316,2,0.0031378,0.0157528,0.0009652,0.0083732,0.002024,0.0317538,0.0031414,0.0542392,0.001109,0.0035106,0.0003516,0.0019226,0.0006004,0.0049818,0.001254,0.0114968
0.552632,2,0.003439,0.0166248,0.0010612,0.0089672,0.002215,0.033202,0.0034304,0.056455,0.001144,0.0038072,0.0003912,0.0020178,0.0006486,0.0051278,0.0012874,0.011185
0.578947,2,0.0039734,0.0178078,0.0012504,0.0095758,0.0025878,0.0358776,0.0039692,0.0607528,0.0015248,0.004291,0.000465,0.0021552,0.0007898,0.0057228,0.0016554,0.0134086
0.605263,2,0.005453,0.0203986,0.0016416,0.0106878,0.0034898,0.0416754,0.0054462,0.071561,0.0020262,0.0045354,0.0005834,0.0022492,0.001069,0.006571,0.0021676,0.0148104
0.631579,2,0.008058,0.025653,0.0023064,0.0124602,0.005091,0.0502198,0.0080644,0.0869588,0.0028536,0.0059436,0.0007848,0.0025722,0.0014146,0.0070756,0.0030218,0.0167876
0.657895,2,0.0249006,0.0476036,0.0041072,0.0156872,0.0127808,0.0778216,0.0249138,0.1491002,0.0089874,0.0135282,0.0016428,0.0033442,0.0038746,0.0118768,0.0091062,0.028254
0.684211,2,0.9967088,0.0148634,0.489091,0.1529986,0.4992024,0.022046,0.9967138,0.0523414,0.0023502,0.0061462,0.148057,0.0509578,0.001162,0.0114704,0.0024048,0.0212352
0.710526,2,0.9980896,0.0114574,0.5685252,0.1588258,0.499724,0.0169308,0.9980902,0.0402456,0.0010162,0.0037308,0.1827548,0.0321718,0.0005436,0.006294,0.0011056,0.0129448
0.736842,2,0.997997,0.0119158,0.461206,0.1398906,0.499606,0.017552,0.9979976,0.0416794,0.0009074,0.0031858,0.1399508,0.0356298,0.0004534,0.0056836,0.0010074,0.0118876
0.763158,2,0.9980534,0.0121126,0.3300942,0.1462472,0.4994978,0.018115,0.9980566,0.0423512,0.0006508,0.0028032,0.0670962,0.033342,0.0003406,0.0046098,0.0008082,0.0094604
0.789474,2,0.9984648,0.010536,0.4753748,0.1492382,0.49979,0.0148618,0.9984654,0.036867,0.0006444,0.002755,0.1411346,0.0417988,0.000332,0.0048196,0.0007558,0.0102656
0.815789,2,0.9987058,0.0098264,0.5196368,0.1549652,0.4999182,0.0133604,0.9987028,0.0337886,0.0005326,0.0025026,0.157659,0.0524732,0.0002706,0.004339,0.000654,0.0097332
0.842105,2,0.9986744,0.0098744,0.3607238,0.1393848,0.4997256,0.0146108,0.9986744,0.0344588,0.0004832,0.0024562,0.1811662,0.0423376,0.0003196,0.0044374,0.0006196,0.009012
0.868421,2,0.998827,0.0093776,0.4440626,0.1368826,0.4998768,0.0125642,0.9988258,0.0323614,0.0004222,0.0021646,0.1002146,0.031559,0.0002088,0.0040522,0.0005506,0.0085668
0.894737,2,0.9990192,0.0085264,0.568718,0.1527696,0.500031,0.0116832,0.9990218,0.029273,0.0003888,0.0021288,0.2244404,0.040327,0.0002528,0.0040554,0.0005084,0.008856
0.921053,2,0.9989748,0.0086808,0.3565748,0.1695318,0.4998258,0.0123106,0.9989754,0.029992,0.0004004,0.0021054,0.0986966,0.0417818,0.0001966,0.0040254,0.0005202,0.0088658
0.947368,2,0.9990576,0.0084366,0.4405186,0.1424416,0.4999396,0.01112,0.9990562,0.028822,0.0003504,0.0020196,0.1947392,0.051743,0.000221,0.0038598,0.0004732,0.0083978
0.973684,2,0.999137,0.0080566,0.4826226,0.1750632,0.4999804,0.0106584,0.9991412,0.0273252,0.0003184,0.0019852,0.123764,0.037995,0.0001746,0.0038842,0.0004394,0.008298
1,2,0.9991584,0.0078056,0.4145086,0.1561214,0.49993,0.0104856,0.9991556,0.0269838,0.0003296,0.0018174,0.1250304,0.0494918,0.000166,0.0039856,0.0004478,0.0085334
0.5,4,0.0017984,0.0111864,0.0014502,0.0098984,0.0031154,0.0292646,0.0017978,0.019149,0.0009002,0.0036148,0.0006388,0.0028614,0.0011318,0.005774,0.0009342,0.0058616
0.526316,4,0.0025256,0.0135882,0.002154,0.011521,0.0045084,0.0353054,0.0025264,0.023051,0.0011324,0.004258,0.0009666,0.003286,0.0014362,0.0060464,0.0011744,0.006335
0.552632,4,0.0050644,0.017053,0.002694,0.012765,0.0074796,0.0446682,0.0050608,0.0318606,0.002182,0.0048778,0.0013668,0.003704,0.0027564,0.008581,0.002219,0.0077384
0.578947,4,0.0193162,0.0293964,0.0069626,0.0184364,0.0253752,0.0795902,0.0193072,0.0595756,0.0118208,0.0082696,0.0039822,0.004941,0.0099002,0.0143894,0.0118424,0.0182072
0.605263,4,0.123939,0.0416816,0.0026458,0.0135378,0.1106482,0.1472094,0.1239054,0.139589,0.0164288,0.0078268,0.0015346,0.0042128,0.0111508,0.0050122,0.0165298,0.0083666
0.631579,4,0.6209302,0.0349542,0.0742466,0.0425452,0.2165448,0.094386,0.6209206,0.1003946,0.534012,0.035486,0.1032012,0.0457692,0.047907,0.1040216,0.5340252,0.1176396
0.657895,4,0.9983368,0.010671,0.1570996,0.0807994,0.2510384,0.0193116,0.9983352,0.0183708,0.0008438,0.0033848,0.0307928,0.0169764,0.0007474,0.0049088,0.0008768,0.0055734
0.684211,4,0.9982298,0.0112318,0.1760278,0.0735014,0.2513128,0.0197326,0.9982346,0.0190592,0.0008324,0.0034972,0.0380762,0.0128764,0.0007684,0.0045576,0.0008724,0.0056036
0.710526,4,0.997751,0.0129824,0.1609756,0.0718916,0.2517046,0.0217878,0.9977494,0.021804,0.0010844,0.004042,0.0403716,0.014728,0.0009282,0.0050896,0.0011214,0.0063146
0.736842,4,0.9971394,0.0141324,0.1831628,0.0684098,0.25244,0.0246134,0.9971398,0.0242594,0.0015032,0.0049128,0.0405044,0.0201974,0.0012894,0.00626,0.0015326,0.007433
0.763158,4,0.9949366,0.0184014,0.1658838,0.0710534,0.254117,0.0315424,0.9949424,0.0324298,0.0024176,0.0055102,0.0497884,0.012882,0.002123,0.007627,0.0024498,0.0085278
0.789474,4,0.9894878,0.0268778,0.1813244,0.0731444,0.2601228,0.047489,0.9894934,0.0468018,0.0054788,0.0090108,0.0622912,0.013037,0.0057552,0.013243,0.005519,0.0133658
0.815789,4,0.9866496,0.0274282,0.4921726,0.0688736,0.4972326,0.0261504,0.98665,0.0503426,0.0090834,0.0108322,0.070169,0.0164688,0.0027282,0.011166,0.009104,0.0194226
0.842105,4,0.990819,0.0240494,0.4859904,0.0593502,0.4987156,0.019284,0.9908142,0.0420612,0.006363,0.0095958,0.053098,0.0142984,0.0013882,0.0078078,0.006367,0.01646
0.868421,4,0.9883416,0.0240872,0.463226,0.077554,0.4985568,0.0204808,0.9883438,0.0468272,0.0068234,0.0066724,0.0254036,0.0203208,0.0009346,0.0056026,0.0068378,0.0141548
0.894737,4,0.9938682,0.0188538,0.4842276,0.06869,0.4994242,0.0154,0.9938664,0.0348044,0.0033308,0.0058976,0.0423424,0.0143074,0.0006764,0.0047396,0.0033622,0.010237
0.921053,4,0.99483,0.0177952,0.513943,0.0697324,0.4998006,0.0138786,0.9948348,0.0323054,0.0020068,0.0046638,0.0297872,0.0204938,0.0004236,0.00368,0.0020556,0.007204
0.947368,4,0.9947422,0.0174214,0.49225,0.060096,0.4998286,0.0133128,0.9947402,0.0323424,0.002283,0.004602,0.0297972,0.0134182,0.0004768,0.003447,0.0023254,0.007754
0.973684,4,0.9960432,0.0159468,0.5222318,0.0590546,0.5000854,0.0125268,0.9960388,0.028484,0.0018276,0.0043342,0.0749118,0.0137028,0.000598,0.0032108,0.001861,0.0073482
1,4,0.9957804,0.0158532,0.5138672,0.067758,0.5000384,0.0121258,0.9957836,0.0290748,0.00199,0.0045066,0.0542848,0.0121472,0.0004194,0.00331,0.0020144,0.0075382
0.5,6,0.001649,0.0097215,0.0018855,0.010885,0.0042735,0.029449,0.00165,0.013475,0.0011695,0.0043995,0.00131,0.0047825,0.0023245,0.0085145,0.0011885,0.005708
0.526316,6,0.002224,0.010715,0.0037105,0.0131715,0.0071185,0.0374175,0.0022245,0.0152865,0.001629,0.0047455,0.0026975,0.0052125,0.0037835,0.010085,0.001649,0.006374
0.552632,6,0.0072315,0.015804,0.0105965,0.019483,0.022117,0.0630395,0.0072265,0.025045,0.0068105,0.0067265,0.009283,0.0072245,0.0120055,0.016228,0.006826,0.0114215
0.578947,6,0.053651,0.025038,0.0112465,0.015204,0.089313,0.113818,0.053651,0.0611765,0.019383,0.009684,0.019206,0.0079455,0.013276,0.0064475,0.019452,0.0154715
0.605263,6,0.113351,0.0333955,0.001942,0.011561,0.14766,0.131937,0.113348,0.08828,0.013854,0.0100495,0.001607,0.0058285,0.0133075,0.003493,0.0139815,0.0060765
0.631579,6,0.6192345,0.039849,0.046948,0.0257845,0.1857145,0.081846,0.6192165,0.0720275,0.4356785,0.032684,0.0536575,0.0196995,0.0176275,0.0601515,0.435669,0.055446
0.657895,6,0.9867445,0.0276945,0.120181,0.0474135,0.1819255,0.047368,0.9867405,0.0385425,0.008598,0.0102965,0.0355555,0.0116285,0.008288,0.011388,0.0086345,0.0128585
0.684211,6,0.9880915,0.025539,0.2760305,0.04401,0.330332,0.0259305,0.9880905,0.034701,0.013471,0.0131165,0.043458,0.013587,0.0037625,0.0101725,0.0134925,0.018213
0.710526,6,0.9875935,0.026505,0.274457,0.043414,0.3324335,0.0207775,0.987599,0.0370865,0.008873,0.012032,0.0394165,0.0143615,0.0019485,0.006258,0.008887,0.015072
0.736842,6,0.9923605,0.020613,0.313339,0.042083,0.3340865,0.0179695,0.9923615,0.0286635,0.0063045,0.0100555,0.0428135,0.011919,0.0013765,0.005302,0.0063225,0.0129985
0.763158,6,0.987371,0.0251335,0.2841445,0.0383815,0.334139,0.0187145,0.9873755,0.036456,0.008265,0.0098665,0.033363,0.010729,0.0014945,0.005436,0.00829,0.0128615
0.789474,6,0.9897715,0.0243845,0.308241,0.044318,0.3351375,0.0201875,0.989772,0.033774,0.007995,0.011175,0.0451285,0.0143895,0.0017525,0.0061365,0.0080075,0.014354
0.815789,6,0.9874715,0.0264665,0.295848,0.042775,0.3357855,0.0219035,0.987477,0.0372705,0.008587,0.010129,0.036074,0.011123,0.002276,0.0072975,0.0086035,0.013435
0.842105,6,0.9703335,0.040532,0.3079745,0.0430165,0.3406225,0.033366,0.970321,0.0569315,0.021261,0.0198525,0.031027,0.0141785,0.0050755,0.011237,0.0212915,0.0233245
0.868421,6,0.97652,0.036134,0.4747665,0.0425325,0.492204,0.034149,0.976516,0.050118,0.018472,0.0174125,0.0253585,0.014185,0.00595,0.0123795,0.0184855,0.021674
0.894737,6,0.990717,0.0221525,0.484115,0.0436875,0.498009,0.0196505,0.9907205,0.031053,0.0084165,0.011143,0.0276805,0.013709,0.002245,0.0077655,0.0084285,0.01458
0.921053,6,0.991153,0.0199905,0.492974,0.0400465,0.498989,0.016846,0.9911525,0.029838,0.006031,0.0091395,0.042733,0.0124525,0.0015705,0.0058995,0.006051,0.0116265
0.947368,6,0.9921295,0.019853,0.5019875,0.0367705,0.499537,0.0153155,0.992127,0.028439,0.006102,0.009368,0.028101,0.0111,0.001233,0.0054415,0.006126,0.0121385
0.973684,6,0.993864,0.018166,0.5052735,0.0420915,0.49993,0.0141555,0.993863,0.025711,0.0044965,0.007732,0.039481,0.013457,0.0009855,0.004438,0.0045185,0.0102435
1,6,0.9944995,0.0173785,0.499893,0.0339665,0.5000425,0.0134225,0.9945025,0.02471,0.003535,0.0069775,0.0264695,0.0105515,0.000857,0.0042865,0.0035575,0.0088455
0.5,8,0.0012265,0.0085545,0.002447,0.0114845,0.004707,0.028544,0.001226,0.0102735,0.000961,0.0046795,0.0022205,0.005921,0.00291,0.0094525,0.0009745,0.005394
0.526316,8,0.001854,0.0099195,0.0044495,0.0141685,0.008046,0.036693,0.0018525,0.0122035,0.0015165,0.0051705,0.0038005,0.006957,0.00477,0.011118,0.001524,0.0060625
0.552632,8,0.0081805,0.0124085,0.023511,0.022136,0.0412635,0.0746265,0.0081815,0.019174,0.009368,0.006677,0.018192,0.008605,0.013843,0.011399,0.009373,0.0110145
0.578947,8,0.036079,0.0176455,0.0278945,0.0171485,0.099738,0.1049545,0.0360745,0.0365345,0.0249705,0.008754,0.0413275,0.0105885,0.0127975,0.0053815,0.0249815,0.0177715
0.605263,8,0.091463,0.0265515,0.001656,0.010365,0.158046,0.1168945,0.0914535,0.060983,0.0101745,0.01079,0.0015565,0.005857,0.0121125,0.003563,0.010273,0.0064085
0.631579,8,0.6553745,0.037457,0.1227385,0.022422,0.231268,0.0627955,0.65535,0.056459,0.4475075,0.0282235,0.1161315,0.015924,0.024259,0.0527135,0.4475175,0.039118
0.657895,8,0.9777875,0.0310515,0.1898345,0.0294495,0.2500905,0.023136,0.9777875,0.039806,0.019612,0.0162225,0.0292985,0.01058,0.0029415,0.006886,0.019615,0.019322
0.684211,8,0.9824105,0.029617,0.211466,0.0292355,0.2535185,0.024793,0.9823975,0.036882,0.0151775,0.01702,0.024017,0.0097295,0.0033205,0.007988,0.015197,0.0192415
0.710526,8,0.965036,0.039197,0.208179,0.033487,0.2586645,0.032357,0.965042,0.049754,0.0324605,0.0193825,0.0253565,0.011826,0.0066045,0.010709,0.0324615,0.0234595
0.736842,8,0.962253,0.037261,0.319229,0.0327215,0.3675495,0.031897,0.9622545,0.0500365,0.0268795,0.0173525,0.024909,0.0117195,0.006909,0.0109895,0.0268985,0.0201055
0.763158,8,0.9745915,0.0319225,0.3387955,0.027383,0.3731335,0.0223145,0.974592,0.0408585,0.024532,0.0180015,0.0319205,0.0091465,0.0030645,0.0081995,0.0245355,0.0221265
0.789474,8,0.9856225,0.0278915,0.3440385,0.0292995,0.3749705,0.018731,0.9856175,0.0348035,0.0092215,0.0141695,0.029719,0.010137,0.002159,0.005669,0.009243,0.0149565
0.815789,8,0.9866385,0.029054,0.352921,0.0265305,0.376204,0.0188395,0.986638,0.034974,0.011236,0.0182095,0.029831,0.008639,0.002129,0.0064255,0.0112455,0.019297
0.842105,8,0.982046,0.033314,0.340069,0.027921,0.3769735,0.020532,0.982038,0.040483,0.012332,0.014561,0.021909,0.0092775,0.0028085,0.0070945,0.0123465,0.0161595
0.868421,8,0.973662,0.040328,0.3576805,0.0321455,0.3808065,0.0265875,0.9736565,0.048385,0.023963,0.0263095,0.0243215,0.009558,0.005193,0.0105555,0.0239815,0.0284455
0.894737,8,0.9053435,0.0520365,0.468268,0.037081,0.473394,0.0444855,0.9053295,0.0702845,0.0755425,0.028978,0.047466,0.014356,0.023685,0.018665,0.075567,0.0370245
0.921053,8,0.9729105,0.035532,0.496817,0.029769,0.496338,0.022743,0.97292,0.0446285,0.020353,0.017175,0.0258575,0.010901,0.0035015,0.0080885,0.0203615,0.0195205
0.947368,8,0.986416,0.0254305,0.495804,0.0290925,0.4991225,0.01672,0.9864115,0.0321915,0.011618,0.0126075,0.033534,0.0110575,0.002012,0.0058385,0.011629,0.0148555
0.973684,8,0.989024,0.023969,0.4888565,0.0267175,0.4991835,0.015271,0.989024,0.029884,0.0090885,0.0122415,0.0280705,0.0078155,0.0015175,0.0053305,0.0091025,0.0138145
1,8,0.9882615,0.022886,0.4905815,0.02682,0.499694,0.0149345,0.988256,0.029741,0.007913,0.0101235,0.033117,0.010876,0.001323,0.004413,0.007934,0.011396
0.5,10,0.001041,0.007156,0.002661,0.011201,0.005071,0.027638,0.00104,0.008189,0.001064,0.00485,0.00228,0.006318,0.003518,0.010055,0.00107,0.005359
0.526316,10,0.001541,0.008975,0.006214,0.015604,0.009786,0.037575,0.00154,0.010247,0.00143,0.00573,0.005594,0.007869,0.006125,0.012332,0.001441,0.006269
0.552632,10,0.008177,0.012761,0.026496,0.022887,0.048018,0.073109,0.008183,0.017106,0.008993,0.007463,0.022286,0.01057,0.020158,0.014211,0.009008,0.010265
0.578947,10,0.02185,0.013503,0.043548,0.019898,0.100887,0.096613,0.021847,0.023186,0.020134,0.008616,0.043729,0.010094,0.014727,0.006398,0.020143,0.014081
0.605263,10,0.07636,0.024195,0.002639,0.010044,0.163602,0.105994,0.076352,0.047405,0.013933,0.015036,0.005162,0.007923,0.014964,0.003539,0.013986,0.01106
0.631579,10,0.665313,0.046582,0.088959,0.02024,0.205699,0.058277,0.665302,0.061343,0.398088,0.029621,0.078025,0.013325,0.008778,0.040429,0.398095,0.03225
0.657895,10,0.765974,0.0634,0.114392,0.025044,0.22438,0.054167,0.765978,0.08516,0.204483,0.030211,0.060994,0.013793,0.016932,0.024577,0.20448,0.026679
0.684211,10,0.791854,0.039454,0.216821,0.02833,0.287955,0.047359,0.791866,0.056194,0.286002,0.025509,0.059923,0.010934,0.014609,0.032785,0.286005,0.032836
0.710526,10,0.909617,0.044408,0.246007,0.024545,0.298196,0.031552,0.90961,0.057111,0.106201,0.027081,0.044534,0.011793,0.007451,0.016765,0.106201,0.031966
0.736842,10,0.95428,0.044152,0.272884,0.026514,0.306331,0.028222,0.954266,0.052546,0.039991,0.024172,0.016861,0.011367,0.005902,0.009185,0.040013,0.025553
0.763158,10,0.823962,0.061532,0.281747,0.029352,0.334044,0.050006,0.823967,0.08311,0.089578,0.026741,0.01923,0.009701,0.015712,0.007833,0.089587,0.02364
0.789474,10,0.927539,0.042514,0.356823,0.029525,0.390479,0.030821,0.927515,0.054012,0.085679,0.025298,0.027142,0.010872,0.012186,0.014307,0.085718,0.02904
0.815789,10,0.971161,0.038449,0.372332,0.02613,0.39898,0.019471,0.971163,0.044323,0.027071,0.022357,0.020843,0.009774,0.002668,0.006755,0.027058,0.024178
0.842105,10,0.971118,0.030483,0.395202,0.023155,0.401523,0.020066,0.971126,0.037712,0.030114,0.016153,0.02577,0.009167,0.002993,0.007345,0.030107,0.018511
0.868421,10,0.958197,0.042658,0.38838,0.022101,0.40423,0.022659,0.958199,0.050009,0.045992,0.022401,0.021093,0.00994,0.00629,0.009737,0.045965,0.024881
0.894737,10,0.90523,0.056764,0.399666,0.029125,0.415072,0.033872,0.905216,0.067514,0.119956,0.037006,0.026307,0.012933,0.017021,0.015508,0.119983,0.040061
0.921053,10,0.844229,0.062261,0.471027,0.028218,0.478536,0.041759,0.844222,0.080273,0.110423,0.035391,0.021361,0.010356,0.013062,0.012632,0.11043,0.035947
0.947368,10,0.963368,0.039548,0.485794,0.020142,0.495974,0.022023,0.963363,0.047373,0.028574,0.020943,0.015776,0.007119,0.003921,0.008,0.028579,0.022247
0.973684,10,0.979314,0.030915,0.494431,0.022597,0.498769,0.017123,0.979311,0.036699,0.014646,0.015842,0.027758,0.009989,0.002512,0.005943,0.014658,0.016548
1,10,0.982895,0.024403,0.507534,0.020402,0.500323,0.015877,0.98289,0.030219,0.014912,0.01404,0.031885,0.008359,0.002355,0.005747,0.014923,0.015174
0.5,12,0.000886,0.006776,0.002756,0.011107,0.005045,0.026594,0.000886,0.007404,0.000879,0.005014,0.002822,0.007099,0.003757,0.011075,0.000886,0.005334
0.526316,12,0.002029,0.008063,0.005484,0.014042,0.011614,0.037171,0.002029,0.009418,0.002213,0.005347,0.00646,0.008425,0.009133,0.013397,0.002217,0.005853
0.552632,12,0.006226,0.008603,0.047926,0.024856,0.068376,0.078621,0.006225,0.011666,0.008193,0.005925,0.031233,0.012271,0.016443,0.008811,0.008196,0.00812
0.578947,12,0.026857,0.013518,0.032527,0.016383,0.110938,0.090896,0.026851,0.022752,0.018851,0.010534,0.048952,0.011508,0.015087,0.005952,0.018856,0.013522
0.605263,12,0.058998,0.019183,0.014857,0.011801,0.16486,0.098979,0.058997,0.034536,0.022506,0.011333,0.040215,0.009402,0.018876,0.00469,0.022525,0.011833
0.631579,12,0.458149,0.044535,0.062225,0.023763,0.209745,0.076541,0.458114,0.06729,0.29591,0.027598,0.061244,0.016554,0.01466,0.023882,0.295917,0.028159
0.657895,12,0.61093,0.06,0.102812,0.027667,0.244749,0.060237,0.610936,0.082877,0.20454,0.026423,0.06246,0.015671,0.013454,0.019214,0.204542,0.020427
0.684211,12,0.540616,0.04974,0.10187,0.028306,0.269204,0.065166,0.540601,0.077552,0.185927,0.024356,0.071971,0.017729,0.016324,0.018837,0.185929,0.016497
0.710526,12,0.577595,0.047454,0.141485,0.022637,0.28265,0.064716,0.577598,0.072493,0.259283,0.023572,0.103947,0.013386,0.020523,0.022892,0.259298,0.01697
0.736842,12,0.728693,0.05303,0.246804,0.028024,0.325614,0.044568,0.728667,0.074501,0.147558,0.024715,0.039267,0.011351,0.012326,0.014403,0.147591,0.023037
0.763158,12,0.755302,0.052326,0.276007,0.023405,0.34133,0.040899,0.75529,0.071999,0.17692,0.030316,0.033638,0.009885,0.009642,0.015171,0.176916,0.028813
0.789474,12,0.709035,0.078768,0.316854,0.024244,0.365202,0.045948,0.709039,0.097693,0.127795,0.043798,0.012912,0.010717,0.01412,0.00797,0.127791,0.036705
0.815789,12,0.607707,0.063623,0.316954,0.02689,0.389174,0.05118,0.607689,0.085262,0.190836,0.02882,0.038083,0.010715,0.012551,0.012969,0.190857,0.026111
0.842105,12,0.773977,0.05911,0.370031,0.024385,0.411891,0.036985,0.773982,0.073442,0.184087,0.029544,0.0309,0.01004,0.008112,0.017314,0.184105,0.033426
0.868421,12,0.798312,0.049004,0.386357,0.024211,0.420979,0.032925,0.798316,0.062702,0.216876,0.02671,0.023846,0.01208,0.010115,0.019139,0.216883,0.031285
0.894737,12,0.699593,0.062949,0.405849,0.024903,0.436825,0.042749,0.69956,0.082191,0.195881,0.035183,0.029394,0.011561,0.017484,0.015185,0.195901,0.032154
0.921053,12,0.645487,0.068903,0.436284,0.024527,0.453082,0.048411,0.645458,0.091962,0.105514,0.036463,0.027336,0.011301,0.015648,0.00629,0.105522,0.028723
0.947368,12,0.806099,0.055906,0.475923,0.022145,0.481169,0.038006,0.806124,0.072506,0.135189,0.029852,0.023353,0.009351,0.011953,0.010819,0.135179,0.028982
0.973684,12,0.964189,0.035918,0.493943,0.017915,0.497588,0.018886,0.964194,0.04141,0.033854,0.023407,0.020788,0.007113,0.004294,0.007657,0.033858,0.024393
1,12,0.972713,0.033024,0.499868,0.018132,0.500756,0.016994,0.972719,0.037851,0.026895,0.02375,0.022818,0.006896,0.003052,0.006485,0.026891,0.024185
0.5,14,0.000867,0.006479,0.004958,0.012407,0.007435,0.029628,0.000868,0.00692,0.001005,0.00564,0.005814,0.007892,0.006269,0.012479,0.001011,0.005879
0.526316,14,0.001301,0.007244,0.013739,0.017893,0.017892,0.043277,0.001301,0.007862,0.00142,0.005579,0.010568,0.009504,0.011063,0.013512,0.001426,0.005893
0.552632,14,0.007485,0.008389,0.041926,0.022942,0.07033,0.074379,0.007486,0.011313,0.009203,0.006668,0.031825,0.013548,0.019197,0.00982,0.009211,0.008351
0.578947,14,0.015943,0.010396,0.066569,0.018567,0.119876,0.088847,0.015943,0.015151,0.019046,0.008977,0.057709,0.01252,0.020404,0.006614,0.019049,0.011895
0.605263,14,0.043707,0.017432,0.032918,0.015004,0.164362,0.093628,0.043711,0.027541,0.024774,0.013924,0.058355,0.01306,0.019014,0.006038,0.024785,0.014176
0.631579,14,0.334132,0.037997,0.032794,0.016978,0.20192,0.07564,0.334121,0.054382,0.314425,0.023668,0.056971,0.014701,0.016315,0.024399,0.314414,0.022743
0.657895,14,0.264265,0.039876,0.057472,0.019286,0.240932,0.083419,0.264275,0.057247,0.204883,0.026575,0.069721,0.014869,0.015982,0.019561,0.204904,0.027258
0.684211,14,0.273544,0.047339,0.022482,0.014961,0.255036,0.08177,0.273517,0.066911,0.116551,0.022306,0.048995,0.015606,0.011523,0.01304,0.116569,0.017174
0.710526,14,0.347048,0.041307,0.107579,0.0286,0.28767,0.072759,0.347041,0.063168,0.174233,0.024179,0.076613,0.01851,0.024185,0.019539,0.17425,0.021921
0.736842,14,0.45953,0.051086,0.1936,0.034024,0.323374,0.057754,0.459522,0.074807,0.070993,0.027299,0.043389,0.017698,0.015872,0.006762,0.071028,0.020007
0.763158,14,0.477655,0.053497,0.239137,0.029473,0.348999,0.054552,0.477633,0.076316,0.102201,0.02938,0.038363,0.013996,0.011729,0.006237,0.102223,0.021926
0.789474,14,0.558828,0.059318,0.279244,0.027954,0.364609,0.049244,0.558829,0.080025,0.142408,0.0324,0.043398,0.015395,0.008765,0.009555,0.142424,0.024898
0.815789,14,0.4774,0.054139,0.30614,0.028283,0.387334,0.052987,0.477409,0.07666,0.103722,0.028277,0.025086,0.014899,0.009805,0.006136,0.103735,0.021033
0.842105,14,0.494482,0.050934,0.326797,0.027059,0.40219,0.052154,0.494484,0.071879,0.196031,0.023503,0.048846,0.012832,0.0123,0.011324,0.196037,0.017422
0.868421,14,0.584479,0.059994,0.381838,0.022746,0.430272,0.044592,0.584482,0.078066,0.207371,0.039496,0.025834,0.010849,0.007578,0.014314,0.207373,0.035024
0.894737,14,0.491209,0.069226,0.396652,0.031619,0.444328,0.051382,0.491211,0.086397,0.193375,0.0386,0.048164,0.019908,0.009848,0.011672,0.193377,0.033099
0.921053,14,0.454515,0.058374,0.436466,0.0248,0.459258,0.052197,0.45449,0.079673,0.090457,0.031086,0.029286,0.012093,0.012122,0.005592,0.090474,0.023917
0.947368,14,0.595936,0.066443,0.459299,0.021929,0.467494,0.045375,0.59593,0.08429,0.12537,0.028006,0.019898,0.009864,0.009696,0.005725,0.125354,0.022892
0.973684,14,0.681749,0.057825,0.474062,0.021881,0.48036,0.039199,0.68175,0.074459,0.188521,0.034464,0.022449,0.010054,0.011841,0.012859,0.188532,0.030803
1,14,0.904689,0.052483,0.495048,0.017633,0.498231,0.024285,0.904692,0.059091,0.101564,0.034892,0.014756,0.00778,0.007684,0.011102,0.101587,0.03617
0.5,16,0.000723,0.005803,0.005476,0.013501,0.007646,0.029185,0.000723,0.006095,0.000863,0.005417,0.005639,0.008782,0.006219,0.012733,0.000867,0.005604
0.526316,16,0.001429,0.00695,0.016833,0.017763,0.021989,0.043653,0.00143,0.007534,0.001604,0.005843,0.020928,0.011822,0.019981,0.017143,0.001608,0.006087
0.552632,16,0.002877,0.006512,0.052812,0.019989,0.064534,0.067356,0.002877,0.007478,0.005216,0.00648,0.027639,0.010186,0.01864,0.011136,0.005221,0.007269
0.578947,16,0.012665,0.009614,0.067028,0.019265,0.117125,0.083035,0.012664,0.013069,0.014552,0.009571,0.058547,0.011975,0.015538,0.006747,0.014557,0.011134
0.605263,16,0.039268,0.014999,0.037301,0.012242,0.16857,0.088432,0.039259,0.02293,0.025098,0.012993,0.06518,0.010331,0.020548,0.006053,0.025101,0.013675
0.631579,16,0.088084,0.022166,0.037294,0.011803,0.206169,0.088841,0.088081,0.0322,0.103935,0.019992,0.070748,0.011147,0.017778,0.008846,0.103927,0.021277
0.657895,16,0.177912,0.040438,0.036871,0.010908,0.243062,0.082973,0.177913,0.052413,0.130018,0.024307,0.080951,0.01013,0.011187,0.014224,0.130015,0.023694
0.684211,16,0.17395,0.033896,0.029187,0.011702,0.256593,0.082534,0.173946,0.047941,0.132062,0.022313,0.059468,0.011817,0.01068,0.013312,0.132053,0.020376
0.710526,16,0.28849,0.039136,0.093212,0.025621,0.289857,0.069621,0.288496,0.056562,0.146605,0.024204,0.075577,0.018529,0.026516,0.017712,0.146628,0.021479
0.736842,16,0.380908,0.039879,0.184699,0.031949,0.331358,0.055804,0.380897,0.061062,0.056217,0.019582,0.041536,0.017563,0.011838,0.006657,0.056257,0.013368
0.763158,16,0.331205,0.044601,0.196936,0.038448,0.350985,0.059734,0.331195,0.063656,0.054838,0.024823,0.05324,0.021088,0.016753,0.006167,0.054863,0.018886
0.789474,16,0.333139,0.045136,0.233293,0.037821,0.373275,0.058043,0.333131,0.063949,0.067942,0.024461,0.075986,0.020561,0.016831,0.006893,0.067946,0.018541
0.815789,16,0.317916,0.04414,0.260039,0.037418,0.388524,0.058191,0.317912,0.062476,0.087353,0.023551,0.068469,0.022777,0.010299,0.007692,0.087363,0.018003
0.842105,16,0.318994,0.051757,0.300874,0.031123,0.403226,0.057153,0.319002,0.068474,0.085988,0.028277,0.040665,0.015156,0.011166,0.00633,0.085997,0.02245
0.868421,16,0.327959,0.048555,0.348796,0.033258,0.42726,0.056568,0.32796,0.065598,0.124685,0.024869,0.057837,0.021288,0.018011,0.0086,0.124694,0.019215
0.894737,16,0.338525,0.050664,0.38458,0.032632,0.444531,0.054811,0.338558,0.068477,0.100922,0.029644,0.041412,0.022938,0.01227,0.007725,0.100952,0.022433
0.921053,16,0.317103,0.042829,0.432995,0.030058,0.45739,0.055007,0.317098,0.061513,0.078112,0.022562,0.049426,0.014581,0.010207,0.005915,0.07811,0.016901
0.947368,16,0.423224,0.046556,0.45946,0.024449,0.46766,0.048236,0.423233,0.066961,0.071218,0.026102,0.015218,0.011958,0.00593,0.004334,0.071238,0.019058
0.973684,16,0.510712,0.057854,0.458761,0.020757,0.473669,0.044872,0.510711,0.07436,0.150629,0.027641,0.018913,0.010547,0.008684,0.007548,0.150659,0.021431
1,16,0.623099,0.048967,0.499104,0.021951,0.499495,0.04015,0.623099,0.065103,0.18627,0.02449,0.028172,0.011822,0.018684,0.011481,0.186281,0.02092
0.5,18,0.00084,0.005849,0.003617,0.011908,0.006341,0.026844,0.000839,0.006122,0.00108,0.005783,0.004176,0.008942,0.005475,0.012876,0.001083,0.005917
0.526316,18,8e-04,0.005933,0.018985,0.01963,0.021444,0.042688,8e-04,0.00612,0.001152,0.006163,0.014499,0.012016,0.014615,0.01563,0.001154,0.006339
0.552632,18,0.001249,0.005159,0.068486,0.024241,0.075021,0.069371,0.001248,0.00569,0.001995,0.005184,0.018042,0.011463,0.017057,0.008713,0.001996,0.005427
0.578947,18,0.002147,0.005728,0.113046,0.024315,0.123514,0.082922,0.002147,0.006496,0.004028,0.005615,0.034398,0.012262,0.022062,0.007256,0.004032,0.006054
0.605263,18,0.023119,0.014182,0.086166,0.015771,0.160082,0.085763,0.023121,0.017621,0.031857,0.020453,0.076015,0.011831,0.021548,0.006654,0.031864,0.022063
0.631579,18,0.072743,0.025349,0.037348,0.013754,0.207725,0.085395,0.072745,0.032681,0.072481,0.025811,0.0678,0.012667,0.016364,0.008092,0.072475,0.025497
0.657895,18,0.117525,0.030315,0.011935,0.009667,0.243836,0.08198,0.117525,0.041103,0.060733,0.022445,0.024337,0.009627,0.010455,0.006602,0.060734,0.020412
0.684211,18,0.126199,0.025577,0.026999,0.010028,0.255521,0.082366,0.126197,0.037469,0.048804,0.015771,0.081295,0.010176,0.009087,0.009194,0.048809,0.014671
0.710526,18,0.247672,0.039098,0.066937,0.020884,0.276273,0.068248,0.247672,0.052396,0.153871,0.026779,0.086335,0.019616,0.027039,0.016873,0.153885,0.023721
0.736842,18,0.31637,0.038925,0.152367,0.029423,0.325104,0.057199,0.316379,0.055934,0.097965,0.026755,0.06344,0.017814,0.013884,0.011945,0.09798,0.021256
0.763158,18,0.282823,0.035289,0.171058,0.034161,0.353749,0.057908,0.282824,0.052175,0.046118,0.019528,0.073157,0.020332,0.011511,0.005639,0.046143,0.014366
0.789474,18,0.31958,0.041682,0.235067,0.036223,0.36958,0.054512,0.319546,0.057242,0.102534,0.021657,0.051837,0.021294,0.013475,0.008428,0.102545,0.016834
0.815789,18,0.283864,0.044468,0.261986,0.031385,0.393778,0.055555,0.283838,0.058439,0.070363,0.020511,0.08474,0.017497,0.012174,0.007272,0.070365,0.016368
0.842105,18,0.208159,0.033868,0.20822,0.040048,0.40729,0.061574,0.208146,0.048436,0.062131,0.019046,0.117121,0.03078,0.009827,0.007177,0.062141,0.014502
0.868421,18,0.178742,0.03036,0.201263,0.045566,0.427217,0.064364,0.178738,0.044047,0.089992,0.020437,0.151174,0.03259,0.014456,0.008558,0.089988,0.01735
0.894737,18,0.231887,0.039393,0.365169,0.036156,0.445932,0.057745,0.231914,0.053583,0.066402,0.024436,0.090863,0.020966,0.014286,0.00649,0.066422,0.019938
0.921053,18,0.29306,0.052489,0.440219,0.028206,0.457207,0.052428,0.293091,0.065783,0.101686,0.035225,0.036437,0.013759,0.007652,0.006077,0.101688,0.030172
0.947368,18,0.334429,0.048872,0.461668,0.02529,0.4673,0.049974,0.334424,0.063145,0.122097,0.028375,0.027674,0.013329,0.008268,0.008431,0.122097,0.023769
0.973684,18,0.336577,0.047409,0.460917,0.025349,0.468884,0.049615,0.336585,0.062354,0.080592,0.025126,0.028128,0.013608,0.007018,0.005865,0.080593,0.019784
1,18,0.442269,0.051614,0.503142,0.02647,0.50285,0.045907,0.442278,0.066287,0.118739,0.023065,0.028926,0.013289,0.0221,0.006683,0.11875,0.017843
0.5,20,0.000686,0.005412,0.004514,0.011897,0.006699,0.026142,0.000686,0.005567,0.000892,0.005745,0.005621,0.009217,0.006272,0.013313,0.000895,0.005855
0.526316,20,0.001203,0.005875,0.020841,0.020089,0.026087,0.042487,0.001203,0.006243,0.001761,0.006443,0.021735,0.01246,0.024614,0.018006,0.001763,0.006559
0.552632,20,0.004057,0.006117,0.045407,0.019749,0.066487,0.062075,0.004057,0.00732,0.006187,0.006425,0.034114,0.011726,0.023295,0.010192,0.006188,0.006901
0.578947,20,0.010672,0.008189,0.066173,0.020324,0.124615,0.078327,0.010674,0.01081,0.010994,0.008206,0.05959,0.014203,0.017468,0.007343,0.011,0.008698
0.605263,20,0.021282,0.010406,0.072281,0.015738,0.164621,0.082338,0.021279,0.014314,0.020131,0.009894,0.079344,0.013085,0.021988,0.007476,0.020135,0.010833
0.631579,20,0.053525,0.021937,0.051895,0.012943,0.210255,0.082721,0.05352,0.027424,0.040069,0.021286,0.082012,0.013077,0.027754,0.008009,0.040069,0.021102
0.657895,20,0.093709,0.027578,0.045007,0.009024,0.233985,0.079999,0.093704,0.034648,0.065073,0.022084,0.092895,0.008798,0.013486,0.009598,0.065075,0.022206
0.684211,20,0.150059,0.027696,0.058664,0.013999,0.258378,0.075939,0.150047,0.036725,0.127594,0.018499,0.092645,0.013207,0.01597,0.015453,0.127606,0.018945
0.710526,20,0.191647,0.02841,0.045548,0.018361,0.281119,0.069251,0.191649,0.040543,0.121086,0.022034,0.057303,0.01475,0.021837,0.014621,0.121089,0.020191
0.736842,20,0.260256,0.039933,0.149539,0.036788,0.325863,0.05892,0.260252,0.052723,0.090796,0.026523,0.044848,0.019661,0.015652,0.013359,0.090805,0.022257
0.763158,20,0.248933,0.036522,0.156815,0.031858,0.350189,0.057171,0.24895,0.049961,0.059298,0.021919,0.076993,0.022099,0.013259,0.008074,0.059306,0.017021
0.789474,20,0.215279,0.037694,0.172126,0.035018,0.374963,0.059964,0.215269,0.049088,0.089479,0.022511,0.099293,0.026497,0.012794,0.010653,0.089489,0.019318
0.815789,20,0.256704,0.040711,0.263199,0.03281,0.390247,0.052969,0.256708,0.053191,0.058696,0.02303,0.042238,0.018944,0.010969,0.005766,0.058697,0.018146
0.842105,20,0.163211,0.029444,0.173202,0.030574,0.405253,0.061816,0.163206,0.041191,0.047989,0.019753,0.110291,0.018228,0.009973,0.006835,0.048013,0.016113
0.868421,20,0.183153,0.029761,0.245909,0.039051,0.424386,0.059162,0.183158,0.041959,0.067517,0.019294,0.121157,0.02606,0.01558,0.007709,0.067516,0.016071
0.894737,20,0.19118,0.035163,0.347928,0.039177,0.441972,0.057345,0.191172,0.046323,0.076091,0.02208,0.097348,0.023025,0.013828,0.00846,0.076098,0.018939
0.921053,20,0.223377,0.045018,0.416746,0.032367,0.457191,0.053625,0.223377,0.055895,0.072427,0.027617,0.039815,0.019231,0.008868,0.006648,0.072436,0.023032
0.947368,20,0.192136,0.037802,0.423721,0.029068,0.459097,0.055524,0.192128,0.048776,0.052522,0.023141,0.033314,0.018084,0.005197,0.006175,0.052539,0.019484
0.973684,20,0.254603,0.041542,0.444156,0.028079,0.467227,0.051851,0.254588,0.053439,0.098136,0.024595,0.043029,0.019392,0.010246,0.008981,0.098151,0.020859
1,20,0.315631,0.047813,0.516672,0.027351,0.507737,0.0485,0.315637,0.060759,0.067702,0.029289,0.036084,0.013939,0.025857,0.007623,0.067703,0.023454
0.5,22,0.000673,0.005134,0.004267,0.010861,0.006534,0.025223,0.000674,0.00528,0.00093,0.005718,0.00526,0.009176,0.006149,0.01387,0.000934,0.005833
0.526316,22,0.000656,0.004888,0.023125,0.019374,0.025523,0.0418,0.000656,0.005041,0.000926,0.005889,0.018489,0.012127,0.018289,0.015339,0.000929,0.005978
0.552632,22,0.003359,0.005701,0.058874,0.019147,0.078956,0.06424,0.003361,0.006561,0.005877,0.006267,0.036068,0.011816,0.023712,0.010237,0.005884,0.006685
0.578947,22,0.00364,0.006171,0.109871,0.018062,0.126769,0.075399,0.003639,0.006807,0.008922,0.007599,0.04458,0.010371,0.024077,0.0072,0.008922,0.008174
0.605263,22,0.013727,0.010421,0.101969,0.01722,0.165146,0.080815,0.013722,0.012495,0.019059,0.013867,0.080688,0.012056,0.017732,0.00666,0.019055,0.014518
0.631579,22,0.056548,0.022594,0.017671,0.007328,0.209571,0.075648,0.056549,0.028328,0.027393,0.020906,0.052992,0.007707,0.020274,0.005044,0.027402,0.019235
0.657895,22,0.076152,0.024294,0.026068,0.010014,0.238529,0.076317,0.076142,0.031077,0.040405,0.020956,0.055654,0.011334,0.01447,0.006863,0.040402,0.019056
0.684211,22,0.113894,0.019441,0.063404,0.012931,0.257734,0.075259,0.113893,0.028131,0.085181,0.014251,0.108827,0.01398,0.015115,0.013565,0.085186,0.014604
0.710526,22,0.137923,0.024174,0.115207,0.025267,0.296813,0.074291,0.137931,0.032203,0.127941,0.022392,0.106619,0.020558,0.021833,0.01928,0.127945,0.02285
0.736842,22,0.276762,0.034831,0.17915,0.030506,0.333704,0.049882,0.276777,0.047505,0.039731,0.022435,0.043299,0.017278,0.011569,0.005423,0.039758,0.017575
0.763158,22,0.202612,0.035422,0.142016,0.031679,0.356658,0.058866,0.202616,0.045934,0.066038,0.02231,0.082281,0.019786,0.019045,0.00999,0.066053,0.017922
0.789474,22,0.181489,0.035222,0.162983,0.037331,0.375259,0.059989,0.18149,0.04478,0.067144,0.022052,0.080441,0.020588,0.01479,0.008776,0.067135,0.01854
0.815789,22,0.165118,0.029127,0.192595,0.038163,0.400952,0.05822,0.165108,0.03921,0.04934,0.017193,0.09202,0.02488,0.015112,0.006691,0.049344,0.013775
0.842105,22,0.1346,0.023935,0.153218,0.033053,0.411537,0.061126,0.134596,0.033981,0.045286,0.016249,0.088231,0.020085,0.010795,0.006061,0.045303,0.013133
0.868421,22,0.152312,0.028315,0.265235,0.036356,0.429131,0.057945,0.152315,0.038409,0.065708,0.023545,0.131156,0.022778,0.018887,0.007061,0.065716,0.020536
0.894737,22,0.157699,0.028167,0.340037,0.038582,0.446637,0.055809,0.157695,0.038459,0.04299,0.018723,0.130544,0.029799,0.015289,0.006207,0.043012,0.015117
0.921053,22,0.163567,0.034922,0.406171,0.031466,0.455015,0.054967,0.163568,0.044093,0.056045,0.023889,0.063212,0.022272,0.010827,0.006559,0.05607,0.020459
0.947368,22,0.206459,0.039152,0.434492,0.030835,0.462964,0.053838,0.206469,0.047664,0.176564,0.025169,0.042267,0.020666,0.008825,0.010626,0.176554,0.021438
0.973684,22,0.180088,0.036461,0.445936,0.027271,0.464828,0.054371,0.180083,0.045949,0.068441,0.024845,0.03527,0.014948,0.007389,0.007657,0.068457,0.021083
1,22,0.259422,0.041735,0.522264,0.032264,0.507794,0.051231,0.259434,0.051809,0.090371,0.025832,0.039107,0.019475,0.023039,0.010779,0.090381,0.022609
0.5,24,0.000639,0.004768,0.007036,0.01159,0.009291,0.025955,0.000639,0.004882,0.00094,0.005771,0.010822,0.010407,0.011502,0.016182,0.000941,0.005858
0.526316,24,0.000877,0.005384,0.023911,0.018061,0.027431,0.041098,0.000878,0.005522,0.001434,0.006708,0.021551,0.012202,0.021713,0.017497,0.001437,0.006822
0.552632,24,0.001408,0.005245,0.06268,0.020768,0.069912,0.059551,0.001406,0.005509,0.002896,0.006801,0.030771,0.012348,0.024609,0.01151,0.002893,0.006971
0.578947,24,0.004522,0.006085,0.095453,0.020085,0.124844,0.072793,0.004522,0.007047,0.007535,0.007671,0.053415,0.01293,0.022511,0.007761,0.007536,0.007992
0.605263,24,0.008345,0.006593,0.103689,0.019829,0.161718,0.077835,0.008346,0.00856,0.010563,0.00731,0.065503,0.01173,0.015601,0.006017,0.010568,0.007452
0.631579,24,0.06575,0.024799,0.002659,0.007449,0.209944,0.073036,0.065741,0.030176,0.038394,0.02076,0.005017,0.008086,0.027178,0.006535,0.038385,0.018765
0.657895,24,0.075157,0.019675,0.024898,0.009173,0.236879,0.073533,0.075151,0.02595,0.045052,0.016489,0.066683,0.010831,0.015912,0.008018,0.045048,0.01526
0.684211,24,0.089312,0.018922,0.015191,0.009664,0.251952,0.07209,0.089308,0.026406,0.043567,0.013905,0.031667,0.010555,0.009767,0.006461,0.043574,0.011987
0.710526,24,0.124102,0.02312,0.078342,0.019041,0.289623,0.067871,0.124118,0.030999,0.095544,0.020102,0.082304,0.016404,0.032865,0.01465,0.095561,0.018718
0.736842,24,0.160259,0.027111,0.127533,0.028904,0.318615,0.06359,0.160261,0.035429,0.110616,0.023594,0.063898,0.018479,0.026919,0.015556,0.110636,0.021976
0.763158,24,0.179818,0.023468,0.121382,0.026249,0.351599,0.058388,0.179827,0.033787,0.085001,0.016623,0.092764,0.018349,0.021608,0.01317,0.085012,0.01402
0.789474,24,0.153949,0.031447,0.131327,0.034588,0.375314,0.059408,0.153944,0.039693,0.067862,0.021567,0.096038,0.023373,0.014954,0.009788,0.067864,0.018128
0.815789,24,0.136644,0.026586,0.148126,0.031928,0.39378,0.059234,0.136647,0.035229,0.043975,0.01937,0.092576,0.022581,0.015433,0.006907,0.043994,0.016144
0.842105,24,0.120412,0.024374,0.169851,0.040644,0.408426,0.059703,0.12042,0.032599,0.039663,0.016131,0.08404,0.024616,0.013537,0.006074,0.039672,0.013254
0.868421,24,0.115818,0.023473,0.22886,0.039434,0.429025,0.059594,0.115821,0.031513,0.06488,0.016874,0.121892,0.025985,0.012873,0.008195,0.064888,0.014132
0.894737,24,0.125371,0.023677,0.302169,0.034085,0.442518,0.056365,0.125382,0.032683,0.038955,0.018223,0.135425,0.02334,0.017573,0.006302,0.038963,0.014743
0.921053,24,0.149611,0.027318,0.386938,0.028965,0.453716,0.052592,0.149618,0.036124,0.043899,0.018049,0.081186,0.019038,0.009966,0.006275,0.043912,0.014884
0.947368,24,0.135901,0.030361,0.413161,0.026618,0.459181,0.054533,0.135905,0.038164,0.041336,0.020711,0.041634,0.015913,0.006289,0.00628,0.041347,0.017757
0.973684,24,0.160811,0.031592,0.439981,0.027724,0.465492,0.052591,0.160801,0.039742,0.067332,0.020996,0.050235,0.0166,0.011731,0.008054,0.067346,0.018082
1,24,0.169219,0.034515,0.51518,0.030973,0.507355,0.053979,0.169221,0.042336,0.076902,0.020899,0.056411,0.019336,0.029181,0.010042,0.076909,0.017951
0.5,26,0.001026,0.004919,0.006643,0.011598,0.011672,0.028307,0.001025,0.005118,0.001697,0.00628,0.008768,0.010109,0.012495,0.01547,0.001698,0.006368
0.526316,26,0.000927,0.004727,0.01978,0.017986,0.024328,0.039075,0.000925,0.004882,0.001477,0.005768,0.018371,0.011801,0.018562,0.015428,0.001476,0.00587
0.552632,26,0.000542,0.004366,0.079876,0.020971,0.081641,0.060659,0.000542,0.004443,0.000853,0.005765,0.024757,0.012725,0.025188,0.010223,0.000855,0.00583
0.578947,26,0.004936,0.006169,0.101746,0.019859,0.129046,0.070775,0.004934,0.006923,0.009504,0.008429,0.059395,0.014617,0.027929,0.008545,0.009503,0.008851
0.605263,26,0.007608,0.007875,0.122934,0.02188,0.166002,0.077202,0.007607,0.009006,0.01293,0.010814,0.069046,0.015369,0.025929,0.008069,0.012925,0.011109
0.631579,26,0.033178,0.012646,0.067033,0.013744,0.217699,0.076687,0.033179,0.016309,0.028567,0.013909,0.100671,0.014044,0.019502,0.008788,0.028568,0.01378
0.657895,26,0.078975,0.01912,0.000999,0.006473,0.241593,0.068479,0.078975,0.025705,0.026108,0.016054,0.001653,0.007835,0.012826,0.00496,0.026127,0.013486
0.684211,26,0.083704,0.017607,0.027468,0.007943,0.252379,0.070117,0.0837,0.024151,0.03604,0.013322,0.083435,0.009215,0.008853,0.008518,0.036043,0.011642
0.710526,26,0.046271,0.014318,0.115115,0.015132,0.279278,0.078215,0.046269,0.019063,0.040885,0.016145,0.130123,0.012664,0.024315,0.011019,0.040889,0.015486
0.736842,26,0.10851,0.020312,0.11926,0.024271,0.323965,0.066709,0.108508,0.027537,0.086293,0.02087,0.090039,0.017172,0.027024,0.014993,0.086303,0.01928
0.763158,26,0.147315,0.027362,0.16079,0.03118,0.360074,0.057555,0.147291,0.035134,0.07173,0.020897,0.065833,0.019917,0.016171,0.012017,0.071736,0.017787
0.789474,26,0.096537,0.026971,0.152353,0.030406,0.379837,0.063949,0.096541,0.032786,0.063107,0.022861,0.099004,0.019636,0.014921,0.010856,0.063098,0.020672
0.815789,26,0.10355,0.021539,0.113392,0.030413,0.394287,0.060263,0.10356,0.028751,0.038955,0.015468,0.058784,0.02272,0.013763,0.006738,0.038971,0.012424
0.842105,26,0.103794,0.020489,0.185933,0.034161,0.415082,0.058432,0.103797,0.027777,0.039963,0.014606,0.102783,0.025081,0.014617,0.006863,0.039966,0.011965
0.868421,26,0.099721,0.016753,0.203451,0.038012,0.428397,0.057443,0.099734,0.025068,0.022,0.013498,0.137616,0.030511,0.014001,0.004738,0.022017,0.010559
0.894737,26,0.104827,0.020968,0.315538,0.043436,0.44442,0.055878,0.104828,0.028476,0.031314,0.01643,0.11034,0.032783,0.013779,0.00598,0.031322,0.013391
0.921053,26,0.125005,0.028656,0.399053,0.037058,0.455325,0.052343,0.125004,0.035305,0.029247,0.017945,0.060257,0.024075,0.007781,0.005164,0.029267,0.01518
0.947368,26,0.135065,0.028537,0.419091,0.025745,0.461622,0.051741,0.135066,0.035662,0.056421,0.020248,0.045537,0.016048,0.008251,0.00721,0.056432,0.017344
0.973684,26,0.129607,0.030209,0.451983,0.030372,0.467187,0.054747,0.129608,0.036527,0.072425,0.021482,0.0413,0.017429,0.009974,0.009569,0.072425,0.019187
1,26,0.118353,0.024381,0.492487,0.035048,0.496902,0.056816,0.118338,0.031499,0.05279,0.017848,0.052553,0.024002,0.029428,0.008199,0.052789,0.015141
0.5,28,0.000617,0.00478,0.00648,0.012178,0.008282,0.025082,0.000617,0.00483,0.001032,0.00646,0.009459,0.01077,0.009807,0.015802,0.001034,0.006524
0.526316,28,0.000748,0.00479,0.022365,0.01731,0.025338,0.039233,0.000748,0.004891,0.001235,0.006656,0.015742,0.012259,0.015415,0.014498,0.001237,0.006713
0.552632,28,0.000571,0.004368,0.071556,0.02318,0.07322,0.057437,0.000572,0.004428,0.001013,0.006204,0.037245,0.015642,0.036692,0.015744,0.001015,0.006265
0.578947,28,0.003074,0.005822,0.109997,0.017847,0.127687,0.068,0.003073,0.006264,0.00698,0.008254,0.046414,0.012463,0.024828,0.007967,0.00698,0.008469
0.605263,28,0.014812,0.008344,0.077382,0.015963,0.163739,0.070769,0.014812,0.010475,0.015032,0.00984,0.0796,0.014981,0.018796,0.007237,0.015036,0.009907
0.631579,28,0.029988,0.011424,0.065316,0.012194,0.210946,0.072757,0.02999,0.014703,0.027667,0.012446,0.092146,0.011966,0.022921,0.008169,0.027671,0.012153
0.657895,28,0.04473,0.015081,0.082248,0.011292,0.234338,0.072952,0.044727,0.018486,0.043762,0.014614,0.111853,0.011305,0.016916,0.010062,0.043766,0.014617
0.684211,28,0.054498,0.013671,0.089312,0.013903,0.253581,0.073601,0.054496,0.017918,0.048041,0.013224,0.124681,0.013915,0.017653,0.011318,0.048044,0.013259
0.710526,28,0.070733,0.01492,0.119447,0.017301,0.291629,0.072001,0.07073,0.019831,0.077417,0.014529,0.121032,0.014952,0.029745,0.014884,0.077408,0.014492
0.736842,28,0.044023,0.016044,0.087162,0.019718,0.327685,0.072712,0.044026,0.020551,0.037398,0.017991,0.077513,0.01399,0.025936,0.006929,0.037405,0.016392
0.763158,28,0.107868,0.022736,0.077482,0.022955,0.352651,0.060826,0.107858,0.029129,0.068389,0.019836,0.065779,0.018874,0.016507,0.010797,0.068395,0.017476
0.789474,28,0.098959,0.021977,0.153311,0.03357,0.375336,0.06073,0.098977,0.02797,0.062833,0.017693,0.080506,0.023419,0.017706,0.011831,0.062837,0.01539
0.815789,28,0.112774,0.022888,0.190249,0.031148,0.399945,0.055797,0.112769,0.029264,0.059233,0.016787,0.091995,0.020769,0.013763,0.009206,0.059246,0.014337
0.842105,28,0.083732,0.016486,0.150456,0.033856,0.416426,0.057855,0.083731,0.023218,0.025946,0.013976,0.088829,0.02267,0.008952,0.006167,0.025956,0.011294
0.868421,28,0.075111,0.017905,0.204297,0.037462,0.423609,0.059588,0.075102,0.023731,0.028025,0.014126,0.096886,0.026109,0.015829,0.006396,0.028026,0.01167
0.894737,28,0.10619,0.02279,0.314443,0.033754,0.441122,0.053302,0.106185,0.029173,0.031618,0.017746,0.133859,0.021959,0.020743,0.005019,0.03163,0.015136
0.921053,28,0.094528,0.024426,0.39361,0.032642,0.455435,0.054491,0.094526,0.02997,0.028863,0.016905,0.036968,0.019248,0.007541,0.006209,0.02887,0.014393
0.947368,28,0.099746,0.020456,0.389282,0.024518,0.455452,0.053356,0.099747,0.026907,0.037718,0.016152,0.052175,0.016471,0.008033,0.006717,0.037728,0.013626
0.973684,28,0.1203,0.027109,0.440469,0.027421,0.466553,0.051696,0.120306,0.033231,0.045357,0.020224,0.046351,0.017112,0.013338,0.007447,0.045368,0.017617
1,28,0.098884,0.028514,0.498415,0.034011,0.50015,0.057393,0.09888,0.033564,0.054853,0.021829,0.070091,0.021827,0.030788,0.009873,0.054845,0.019781
0.5,30,0.000752,0.004819,0.005384,0.010559,0.008434,0.024686,0.000751,0.004909,0.001214,0.006416,0.007416,0.010094,0.009409,0.015248,0.001214,0.006459
0.526316,30,0.000794,0.004315,0.027053,0.017387,0.030998,0.039532,0.000794,0.004416,0.001439,0.005975,0.023792,0.01301,0.023291,0.0167,0.001439,0.006037
0.552632,30,0.000825,0.004529,0.07122,0.022842,0.075141,0.057213,0.000824,0.004634,0.001462,0.006483,0.030308,0.013746,0.027147,0.011167,0.00146,0.00654
0.578947,30,0.003497,0.005368,0.102753,0.017797,0.127365,0.065997,0.003497,0.006035,0.00591,0.007383,0.052473,0.012578,0.022308,0.007531,0.005912,0.007474
0.605263,30,0.016735,0.009271,0.074188,0.014356,0.174676,0.068933,0.016739,0.01145,0.015099,0.011351,0.091266,0.015943,0.027789,0.008193,0.015102,0.011144
0.631579,30,0.023138,0.010094,0.095032,0.01315,0.204191,0.071458,0.023136,0.012375,0.029521,0.012182,0.094555,0.012254,0.016604,0.008247,0.029522,0.012293
0.657895,30,0.040305,0.012853,0.069621,0.011833,0.235571,0.070554,0.040306,0.016263,0.034133,0.013164,0.103583,0.012703,0.014441,0.008747,0.034137,0.012731
0.684211,30,0.059424,0.013611,0.055109,0.008898,0.256028,0.068557,0.059426,0.01815,0.037322,0.011558,0.10631,0.010213,0.019176,0.009915,0.037328,0.011016
0.710526,30,0.061131,0.013178,0.071684,0.017921,0.28641,0.068748,0.061128,0.018404,0.042064,0.012943,0.090171,0.017515,0.03581,0.009458,0.042063,0.011555
0.736842,30,0.068022,0.016935,0.137928,0.025085,0.336739,0.066109,0.068019,0.021664,0.067096,0.017078,0.057255,0.018174,0.017622,0.011874,0.067091,0.015733
0.763158,30,0.094802,0.019757,0.138282,0.022243,0.349685,0.062179,0.094803,0.025129,0.076031,0.017888,0.10701,0.015844,0.021014,0.01504,0.076031,0.016368
0.789474,30,0.097901,0.021028,0.11855,0.025755,0.375199,0.05802,0.097904,0.026732,0.060596,0.018713,0.071162,0.01864,0.020827,0.009637,0.060609,0.01646
0.815789,30,0.083727,0.017663,0.119706,0.023966,0.397582,0.056885,0.083733,0.023439,0.035338,0.014073,0.079643,0.016997,0.016598,0.006935,0.03534,0.011632
0.842105,30,0.090905,0.019906,0.193389,0.029606,0.411331,0.055636,0.090915,0.025674,0.0387,0.017966,0.101091,0.021195,0.015839,0.007791,0.038706,0.015606
0.868421,30,0.074731,0.018186,0.236358,0.036816,0.428638,0.056731,0.074736,0.023617,0.023762,0.015499,0.10665,0.026675,0.014392,0.00586,0.023776,0.013038
0.894737,30,0.097632,0.021408,0.335622,0.033946,0.442846,0.05207,0.097646,0.027127,0.029882,0.016591,0.128744,0.023876,0.017613,0.007486,0.029891,0.014076
0.921053,30,0.082452,0.019065,0.363268,0.032191,0.451611,0.053846,0.082453,0.02451,0.033913,0.017128,0.073294,0.024889,0.011052,0.006485,0.033921,0.014999
0.947368,30,0.09099,0.020033,0.406261,0.031291,0.458779,0.051768,0.090996,0.025652,0.026104,0.015332,0.047658,0.024239,0.008326,0.005648,0.026119,0.012854
0.973684,30,0.078291,0.02106,0.437159,0.032211,0.469038,0.055786,0.078299,0.025825,0.030302,0.016547,0.062502,0.022481,0.01958,0.006737,0.030312,0.014545
1,30,0.09166,0.023704,0.491185,0.034272,0.490243,0.055307,0.091668,0.028607,0.04031,0.017419,0.063427,0.023854,0.029726,0.008137,0.040321,0.015314
0.5,32,0.000527,0.003997,0.011024,0.011029,0.012863,0.027179,0.000527,0.004033,0.00091,0.005788,0.012723,0.010638,0.012822,0.016076,0.00091,0.005824
0.526316,32,0.000743,0.004902,0.022092,0.013786,0.024459,0.033973,0.000743,0.004954,0.001337,0.007141,0.027801,0.012974,0.027693,0.01991,0.001338,0.00719
0.552632,32,0.000656,0.003877,0.080398,0.018698,0.083497,0.055518,0.000655,0.003953,0.001265,0.005579,0.034008,0.012761,0.031904,0.010829,0.001264,0.00563
0.578947,32,0.00062,0.00461,0.129635,0.019898,0.130625,0.065892,0.00062,0.004646,0.001086,0.006757,0.022563,0.013611,0.022469,0.008052,0.001087,0.006808
0.605263,32,0.015427,0.008894,0.079966,0.01522,0.174461,0.06873,0.015428,0.010656,0.015935,0.010892,0.085187,0.014763,0.028202,0.008692,0.015941,0.010785
0.631579,32,0.021427,0.00991,0.083859,0.014555,0.212319,0.070751,0.021426,0.012168,0.02101,0.010955,0.088413,0.013233,0.028461,0.008447,0.021009,0.010684
0.657895,32,0.034941,0.011272,0.074929,0.009948,0.235606,0.068463,0.034941,0.014287,0.027769,0.011963,0.105296,0.011096,0.015979,0.009063,0.027775,0.011621
0.684211,32,0.042786,0.012363,0.058297,0.010582,0.250151,0.068172,0.042788,0.016169,0.023079,0.012863,0.118502,0.012187,0.020401,0.010121,0.023087,0.011897
0.710526,32,0.068305,0.013187,0.081681,0.012136,0.271959,0.065936,0.068303,0.017762,0.059232,0.012581,0.123632,0.013061,0.028345,0.013298,0.059225,0.011897
0.736842,32,0.023895,0.013234,0.187161,0.022485,0.331156,0.073602,0.023903,0.015609,0.022896,0.014948,0.101533,0.01781,0.018332,0.00955,0.022911,0.014226
0.763158,32,0.093005,0.017567,0.109973,0.025777,0.359067,0.056875,0.093008,0.022885,0.052833,0.014925,0.074558,0.01921,0.021793,0.009838,0.052831,0.013208
0.789474,32,0.072231,0.019646,0.212774,0.028752,0.377457,0.061939,0.072226,0.023508,0.06385,0.018575,0.098458,0.020775,0.019427,0.014777,0.063863,0.017524
0.815789,32,0.077795,0.018012,0.136287,0.031724,0.400828,0.056402,0.077774,0.022853,0.034197,0.014475,0.099391,0.023399,0.013976,0.007296,0.034194,0.012355
0.842105,32,0.065262,0.017909,0.178281,0.029874,0.414605,0.057306,0.065267,0.022388,0.025156,0.015514,0.077268,0.023372,0.0139,0.007082,0.025167,0.013414
0.868421,32,0.065534,0.013777,0.223462,0.031226,0.425111,0.055883,0.065531,0.018918,0.021307,0.01145,0.091265,0.019685,0.014447,0.005295,0.021319,0.009244
0.894737,32,0.071807,0.017289,0.308837,0.039516,0.442269,0.054372,0.071811,0.022033,0.030699,0.01461,0.095453,0.030938,0.014569,0.007417,0.030709,0.012579
0.921053,32,0.070518,0.018846,0.37326,0.030177,0.450614,0.054543,0.070529,0.023209,0.032313,0.015922,0.043387,0.021068,0.00936,0.00725,0.032329,0.014127
0.947368,32,0.080428,0.020594,0.424782,0.025301,0.461079,0.05248,0.080428,0.025204,0.034202,0.017202,0.054044,0.019733,0.009809,0.008658,0.034206,0.015117
0.973684,32,0.09873,0.023979,0.456251,0.028365,0.470252,0.050301,0.098732,0.028898,0.036273,0.017252,0.045386,0.020255,0.015519,0.007486,0.036284,0.01468
1,32,0.072729,0.027313,0.538008,0.029793,0.519046,0.055866,0.072725,0.030858,0.032809,0.022761,0.050629,0.021571,0.021146,0.007112,0.032809,0.02103
0.5,34,0.000757,0.004221,0.0058,0.009436,0.009672,0.023122,0.000757,0.004341,0.001234,0.006159,0.011204,0.010567,0.013336,0.016563,0.001236,0.006182
0.526316,34,0.00072,0.004278,0.035405,0.018841,0.038589,0.041321,0.00072,0.004351,0.001319,0.006404,0.02782,0.014789,0.027248,0.017727,0.00132,0.006444
0.552632,34,0.000587,0.00406,0.072176,0.020043,0.074326,0.053625,0.000586,0.004097,0.001055,0.006094,0.029097,0.013702,0.028465,0.012017,0.001055,0.006134
0.578947,34,0.003132,0.005573,0.107986,0.018107,0.131186,0.063519,0.003131,0.006017,0.005827,0.008499,0.052422,0.01497,0.030541,0.009676,0.005826,0.008561
0.605263,34,0.010666,0.006563,0.105211,0.015539,0.169185,0.066356,0.010666,0.007804,0.015983,0.008541,0.07499,0.013132,0.031279,0.007462,0.015985,0.008723
0.631579,34,0.02087,0.008392,0.092852,0.012969,0.213574,0.068095,0.02087,0.010669,0.022509,0.010289,0.100171,0.014009,0.021021,0.008165,0.02251,0.010115
0.657895,34,0.036315,0.012933,0.095594,0.01242,0.242916,0.068844,0.036313,0.015415,0.038713,0.014217,0.113257,0.012964,0.01826,0.009705,0.038718,0.014009
0.684211,34,0.040396,0.011859,0.04119,0.0124,0.25786,0.06645,0.040397,0.015566,0.022062,0.012131,0.08136,0.013096,0.020035,0.00884,0.022069,0.010851
0.710526,34,0.0333,0.009572,0.107941,0.01593,0.27819,0.069147,0.033301,0.012793,0.028244,0.010087,0.115904,0.014006,0.028226,0.009574,0.028247,0.009468
0.736842,34,0.037191,0.013025,0.129591,0.019607,0.321824,0.067413,0.037193,0.016132,0.045286,0.014087,0.094146,0.014747,0.022821,0.010496,0.045291,0.013049
0.763158,34,0.026926,0.01196,0.147138,0.021532,0.352129,0.068792,0.026927,0.014812,0.016049,0.013715,0.119107,0.016169,0.020156,0.009476,0.016052,0.01249
0.789474,34,0.056411,0.016003,0.192974,0.023253,0.384962,0.061577,0.0564,0.019541,0.050186,0.014576,0.118678,0.017464,0.019365,0.01368,0.050185,0.013299
0.815789,34,0.045533,0.014825,0.199674,0.025925,0.399902,0.063834,0.045536,0.018102,0.031609,0.014742,0.146143,0.024494,0.021271,0.013483,0.031614,0.013653
0.842105,34,0.066575,0.012811,0.181697,0.034481,0.415509,0.053968,0.066574,0.017818,0.026868,0.011208,0.075578,0.030025,0.010007,0.006739,0.026876,0.009101
0.868421,34,0.062686,0.012193,0.204654,0.030109,0.429134,0.053471,0.06269,0.017144,0.016264,0.010832,0.120019,0.024326,0.014178,0.005062,0.016279,0.008622
0.894737,34,0.056492,0.016948,0.320793,0.029852,0.4399,0.055749,0.056494,0.020647,0.025067,0.014295,0.07563,0.021134,0.015448,0.007233,0.025075,0.012592
0.921053,34,0.070399,0.021291,0.392448,0.036095,0.456472,0.052468,0.070399,0.02504,0.029926,0.017412,0.071519,0.030321,0.014061,0.007107,0.029932,0.015584
0.947368,34,0.062715,0.017899,0.412693,0.028498,0.461388,0.052859,0.062707,0.021773,0.022312,0.014627,0.053048,0.01972,0.009787,0.006263,0.022305,0.012812
0.973684,34,0.074031,0.018423,0.443631,0.032408,0.475637,0.052624,0.074037,0.022534,0.034557,0.014445,0.061396,0.025161,0.023085,0.008752,0.034568,0.012642
1,34,0.054883,0.017501,0.483645,0.027918,0.491913,0.056763,0.054879,0.020967,0.024652,0.014443,0.067433,0.020069,0.030338,0.007358,0.02466,0.012827
0.5,36,0.000649,0.004277,0.007002,0.011375,0.009217,0.023691,0.000649,0.00432,0.001163,0.006438,0.011679,0.011878,0.012238,0.017106,0.001164,0.006482
0.526316,36,0.000751,0.004024,0.030884,0.014639,0.03552,0.038001,0.000751,0.004162,0.00119,0.006207,0.027038,0.013047,0.025903,0.015896,0.001192,0.00621
0.552632,36,0.000999,0.00408,0.08361,0.019893,0.090809,0.055927,0.000998,0.004252,0.001653,0.005982,0.037702,0.015991,0.029935,0.010983,0.001653,0.005991
0.578947,36,0.000533,0.003949,0.122093,0.017183,0.123058,0.060587,0.000533,0.003982,0.001004,0.006306,0.034922,0.013387,0.034483,0.008933,0.001005,0.006341
0.605263,36,0.003175,0.005477,0.13455,0.017275,0.159594,0.065864,0.003175,0.005901,0.005933,0.008014,0.061688,0.013019,0.022276,0.007153,0.005934,0.008061
0.631579,36,0.020982,0.0092,0.097705,0.011342,0.209416,0.06578,0.020981,0.010889,0.022703,0.011708,0.102238,0.012233,0.021437,0.008326,0.022706,0.011732
0.657895,36,0.036778,0.011418,0.073439,0.009241,0.235699,0.065021,0.036778,0.014076,0.030932,0.012477,0.117479,0.010776,0.02231,0.009567,0.030933,0.012031
0.684211,36,0.047545,0.011142,0.032284,0.008743,0.252503,0.06257,0.047551,0.014899,0.023876,0.010803,0.083329,0.010398,0.019,0.008071,0.023886,0.009609
0.710526,36,0.06211,0.012036,0.02931,0.013116,0.262719,0.061701,0.062111,0.016484,0.031255,0.01178,0.072031,0.017061,0.023736,0.00914,0.031259,0.01013
0.736842,36,0.016183,0.009063,0.183428,0.016379,0.32221,0.070798,0.016186,0.01111,0.012892,0.010923,0.112225,0.013282,0.022769,0.008699,0.0129,0.01019
0.763158,36,0.018361,0.012959,0.227994,0.017442,0.346545,0.070768,0.018356,0.014624,0.016272,0.014687,0.097178,0.014013,0.018029,0.009411,0.016267,0.014148
0.789474,36,0.046833,0.014307,0.124202,0.027043,0.386204,0.058748,0.046832,0.017839,0.024781,0.013856,0.076433,0.02131,0.015784,0.00731,0.024786,0.012138
0.815789,36,0.052533,0.01192,0.118048,0.028564,0.398094,0.055986,0.052534,0.016079,0.024698,0.011296,0.056303,0.022824,0.01689,0.00597,0.024707,0.00941
0.842105,36,0.070889,0.014195,0.213261,0.032056,0.411933,0.052703,0.070891,0.018791,0.033799,0.013076,0.08586,0.026397,0.013616,0.008444,0.033802,0.011199
0.868421,36,0.059626,0.014668,0.252279,0.028575,0.429521,0.052979,0.05962,0.01869,0.02582,0.014307,0.091185,0.022051,0.012804,0.006253,0.025821,0.012484
0.894737,36,0.05021,0.013751,0.297319,0.029903,0.440503,0.053935,0.050206,0.017606,0.01445,0.012965,0.072666,0.023361,0.012668,0.005068,0.014454,0.01109
0.921053,36,0.072426,0.016116,0.34935,0.028056,0.449431,0.049655,0.072418,0.020307,0.038012,0.014267,0.072668,0.021418,0.011229,0.006543,0.03802,0.012393
0.947368,36,0.068116,0.016485,0.388952,0.027775,0.457514,0.048907,0.068113,0.020443,0.018828,0.013188,0.087286,0.020731,0.011183,0.004942,0.018843,0.011274
0.973684,36,0.05582,0.017808,0.459806,0.026467,0.47684,0.055242,0.055823,0.020913,0.03464,0.015058,0.050887,0.019717,0.021723,0.008805,0.034649,0.013683
1,36,0.050048,0.02029,0.502047,0.025525,0.49745,0.057718,0.050047,0.02304,0.031651,0.017599,0.045719,0.018206,0.024634,0.008194,0.031652,0.016273
0.5,38,0.000563,0.004001,0.010176,0.010872,0.011839,0.023706,0.000563,0.00402,0.001052,0.006219,0.020256,0.011076,0.020264,0.017537,0.001051,0.006241
0.526316,38,0.000874,0.004476,0.031907,0.01419,0.036438,0.037869,0.000874,0.004571,0.001503,0.006912,0.02662,0.012252,0.027859,0.016854,0.001505,0.006927
0.552632,38,0.001399,0.004654,0.063749,0.017586,0.073468,0.051161,0.001399,0.00482,0.002763,0.007081,0.029356,0.013037,0.020339,0.011106,0.002765,0.007122
0.578947,38,0.002552,0.005194,0.103426,0.018972,0.124357,0.060727,0.002552,0.005504,0.004926,0.008204,0.044691,0.015265,0.02328,0.00924,0.004928,0.00824
0.605263,38,0.00777,0.006914,0.112138,0.017142,0.167112,0.064896,0.007769,0.007654,0.012573,0.009925,0.0804,0.014706,0.035255,0.008563,0.012572,0.010027
0.631579,38,0.017691,0.009456,0.089161,0.01227,0.200386,0.064268,0.017688,0.011,0.018029,0.011153,0.097524,0.013523,0.02446,0.008486,0.018027,0.010926
0.657895,38,0.027197,0.010454,0.084338,0.01088,0.239397,0.064956,0.027195,0.012581,0.02549,0.012336,0.113915,0.011754,0.020312,0.009369,0.02549,0.011878
0.684211,38,0.031803,0.009882,0.084878,0.010359,0.25128,0.064581,0.031798,0.01251,0.02484,0.010885,0.121991,0.011027,0.017066,0.009778,0.024838,0.010266
0.710526,38,0.02913,0.009614,0.123415,0.014177,0.274809,0.067152,0.029132,0.01205,0.028557,0.010858,0.129771,0.014042,0.027949,0.010063,0.028564,0.010334
0.736842,38,0.018752,0.009319,0.180206,0.018618,0.328374,0.068388,0.018753,0.011271,0.016491,0.01186,0.11415,0.014643,0.021593,0.008617,0.016495,0.011306
0.763158,38,0.037288,0.011228,0.120952,0.018117,0.351085,0.061251,0.037289,0.014312,0.036594,0.013558,0.097104,0.015513,0.023208,0.010266,0.036597,0.012434
0.789474,38,0.030278,0.012435,0.150357,0.024742,0.372292,0.061529,0.030279,0.015228,0.012832,0.014292,0.092172,0.020105,0.023224,0.00642,0.012835,0.012914
0.815789,38,0.042863,0.012884,0.181048,0.025292,0.388968,0.057976,0.042865,0.01607,0.029653,0.013272,0.102111,0.020511,0.016314,0.008184,0.029656,0.011862
0.842105,38,0.048525,0.014446,0.24235,0.032725,0.412527,0.056766,0.048537,0.017544,0.028522,0.013535,0.095271,0.024965,0.016104,0.011242,0.028535,0.012174
0.868421,38,0.053368,0.013094,0.194467,0.029468,0.422966,0.052329,0.053365,0.016894,0.019449,0.013325,0.100524,0.021084,0.014181,0.005902,0.019451,0.01156
0.894737,38,0.04411,0.013478,0.305132,0.027167,0.436467,0.054237,0.044112,0.016728,0.013551,0.012989,0.056671,0.019872,0.013711,0.00607,0.013555,0.011294
0.921053,38,0.063779,0.017937,0.404791,0.02717,0.457292,0.049951,0.063773,0.021238,0.028508,0.014563,0.062824,0.020928,0.014653,0.007966,0.028512,0.012836
0.947368,38,0.05698,0.017957,0.409401,0.027024,0.460517,0.051633,0.056985,0.02098,0.027121,0.015786,0.066472,0.020455,0.012687,0.008916,0.02713,0.014399
0.973684,38,0.058571,0.018491,0.453317,0.025131,0.474068,0.052062,0.058566,0.02178,0.033602,0.01807,0.049905,0.020977,0.018382,0.009029,0.033612,0.016406
1,38,0.046495,0.015238,0.50161,0.028863,0.501804,0.054647,0.046497,0.018153,0.020539,0.013401,0.057297,0.022328,0.027414,0.007,0.02055,0.012044
0.5,40,0.000824,0.004765,0.005239,0.011143,0.007604,0.022698,0.000824,0.004794,0.001605,0.007562,0.007791,0.012239,0.009229,0.017394,0.001605,0.007595
0.526316,40,0.000822,0.004658,0.02937,0.01473,0.031843,0.03516,0.000822,0.004692,0.001646,0.007694,0.027685,0.013401,0.027612,0.017152,0.001646,0.007729
0.552632,40,0.002809,0.00498,0.060191,0.016485,0.084253,0.051258,0.002809,0.005388,0.0047,0.007906,0.041757,0.015299,0.028058,0.010903,0.004701,0.00791
0.578947,40,0.000673,0.004029,0.121154,0.018692,0.123833,0.058549,0.000672,0.004086,0.001245,0.006548,0.027216,0.013486,0.025749,0.008634,0.001245,0.006559
0.605263,40,0.003283,0.004798,0.137615,0.018883,0.16426,0.064037,0.003283,0.005221,0.006729,0.007263,0.060957,0.014935,0.029748,0.008523,0.00673,0.007322
0.631579,40,0.014298,0.007722,0.101592,0.013338,0.202183,0.063817,0.0143,0.009106,0.015834,0.010152,0.103176,0.014302,0.023249,0.008659,0.015838,0.00997
0.657895,40,0.0275,0.008184,0.096565,0.010274,0.23919,0.063218,0.0275,0.010336,0.027151,0.009417,0.124506,0.011659,0.02223,0.00988,0.027149,0.00918
0.684211,40,0.055181,0.012503,0.003842,0.008909,0.249475,0.058273,0.055177,0.016341,0.020988,0.013804,0.008647,0.013513,0.012806,0.007714,0.020995,0.012112
0.710526,40,0.038495,0.009822,0.094286,0.015533,0.287521,0.062103,0.038498,0.012717,0.040568,0.011934,0.103747,0.015253,0.031026,0.010237,0.040573,0.011175
0.736842,40,0.025643,0.011004,0.123182,0.021766,0.313073,0.065163,0.025648,0.01334,0.021769,0.013282,0.098743,0.018659,0.027548,0.008295,0.021769,0.012261
0.763158,40,0.043402,0.013841,0.152538,0.020155,0.361047,0.058715,0.043406,0.016666,0.037589,0.01409,0.100997,0.018517,0.024222,0.010307,0.037593,0.01292
0.789474,40,0.041246,0.013071,0.098693,0.023165,0.382105,0.056754,0.041247,0.016206,0.01967,0.013662,0.068959,0.019294,0.022889,0.006864,0.019678,0.012038
0.815789,40,0.046425,0.010203,0.174517,0.026871,0.407335,0.055036,0.046424,0.013732,0.027783,0.010591,0.10711,0.022938,0.013754,0.009882,0.027785,0.00923
0.842105,40,0.059482,0.011674,0.187295,0.029893,0.411048,0.051115,0.059482,0.015585,0.034173,0.012105,0.089376,0.024608,0.017492,0.007962,0.034184,0.010478
0.868421,40,0.048464,0.011816,0.275029,0.027307,0.429848,0.053419,0.048461,0.01519,0.021862,0.011556,0.115686,0.02497,0.017869,0.010486,0.021867,0.010023
0.894737,40,0.044173,0.012303,0.311003,0.029909,0.44372,0.052187,0.044175,0.015572,0.015733,0.012217,0.113408,0.024661,0.01545,0.006642,0.015745,0.010567
0.921053,40,0.041367,0.012001,0.356633,0.027219,0.452045,0.052848,0.041358,0.015023,0.014259,0.011455,0.080404,0.022494,0.013336,0.007176,0.01426,0.009968
0.947368,40,0.064132,0.020201,0.443573,0.024092,0.466421,0.049902,0.064128,0.022957,0.042422,0.016527,0.03295,0.01824,0.01169,0.010897,0.042421,0.015106
0.973684,40,0.038777,0.016682,0.459433,0.022317,0.476955,0.056092,0.038786,0.019,0.020824,0.014848,0.04012,0.01837,0.018225,0.009467,0.020839,0.01363
1,40,0.047085,0.01543,0.495031,0.027101,0.498801,0.0528,0.047084,0.018207,0.022774,0.013823,0.082368,0.02113,0.032833,0.007555,0.022782,0.012506
