0.015088,0.0050936,0.028103,0.34799,8.4718
0.015088,0.0050936,0.028103,0.34799,8.4783
0.015088,0.0019876,0,0.41078,8.4754
0.015088,0.0019876,0,0.41078,8.4775
0.015088,0.0019876,0,0.41078,8.4737
0.015088,0.0019876,0,0.41078,8.4768
0.015088,0.0044008,0,0.12772,8.4659
0.015088,0.0043747,0,0,8.481
0.015088,0,0,0,8.4777
0.015088,0.00011859,0.20171,0.065272,8.4979
0.015088,0.00011859,0.20171,0.065272,8.4957
0.015088,0.0045094,0,0,8.4905
0.015088,0.0045094,0,0,8.4826
0.015088,0.0040439,0,0,8.4924
0.015088,0.0040439,0,0,8.4738
0.015088,0.0040439,0,0,8.4904
0.015088,0.0040439,0,0,8.4962
0.015088,0.0040439,0,0,8.5016
0.015088,0.0040439,0,0,8.4896
0.015088,0.0040439,0,0,8.4956
0.015088,0.0040439,0,0,8.4825
0.015088,0.0059931,0.02899,0.13433,8.4771
0.015088,0.0059931,0.02899,0.13433,8.4856
0.015088,0.0033541,0,0,8.4819
0.015088,0.0033541,0,0,8.4966
0.015088,0,0,0,8.4898
0.015088,0,0,0,8.4997
0.015088,0,0,0,8.5007
0.015088,0.0043958,0.11403,0.047132,8.4873
0.015088,0.0043958,0.11403,0.047132,8.4763
0.015088,0.0039974,0,0,8.4927
0.015088,0.0039974,0,0,8.4872
0.015088,0.0039974,0,0,8.4956
0.015088,0.0039974,0,0,8.4992
0.015088,0.0039974,0,0,8.5007
0.015088,0.0039974,0,0,8.4982
0.015088,0.00025167,0,0,8.4888
0.015088,0.00025167,0,0,8.4995
0.015088,0.00025167,0,0,8.5078
0.015088,0.0035727,0,0,8.4905
0.015088,0.0035727,0,0,8.4976
0.015088,0.0066799,0,0,8.4811
0.015088,0.0049791,0,0,8.4908
0.015088,0.0049791,0,0,8.498
0.015088,0.0071633,0,0,8.4726
0.015088,0.0088675,0,0,8.4836
0.015088,0.0088675,0,0,8.4802
0.015088,0.0088675,0,0,8.487
0.015088,0.0088675,0,0,8.4822
0.015088,0.0088675,0,0,8.4761
0.015088,0.0076609,0,0,8.4762
0.015088,0.0076609,0,0,8.4937
0.015088,0.002628,0,0,8.476
0.015088,0.0021776,0,0,8.4811
0.015088,0.0021776,0,0,8.5053
0.015088,0.00014842,0,0.080447,8.4928
0.015088,0.0029127,0,0,8.4769
0.015088,0.0029127,0,0,8.5009
0.015088,0.0029127,0,0,8.4966
0.015088,0.0029127,0,0,8.4934
0.015088,0.0024593,0,0,8.4928
0.015088,0.0024593,0,0,8.4914
0.015088,0.0024593,0,0,8.4987
0.015088,0.0024593,0,0,8.4988
0.015088,0.0008915,0,0,8.4957
0.015088,0.0008915,0,0,8.4977
0.015088,0.0011311,0,0,8.489
0.015088,0.0011311,0,0,8.5027
0.015088,0.0011311,0,0,8.4901
0.015088,0.0026552,0,0,8.4901
0.015088,0.002204,0,0,8.4934
0.015088,0,0,0,8.4908
0.015088,0.0026312,0,0,8.4808
0.015088,0.0026312,0,0,8.4911
0.015088,0,0,0,8.5026
0.015088,0,0,0,8.5046
0.015088,0,0,0,8.5028
0.015088,0,0,0,8.5003
0.015088,0,0,0,8.4988
0.015088,0,0,0,8.5034
0.015088,0,0,0,8.4996
0.015088,0,0,0.13515,8.4958
0.015088,0,0,0.13515,8.4873
0.015088,0,0,0.13515,8.5012
0.015088,0,0,0.16203,8.4768
0.015088,0,0,0.16203,8.4945
0.015088,0.0052575,0,0,8.4715
0.015088,0.0052575,0,0,8.4978
0.015088,0.0040268,0.04947,0.097161,8.4768
0.015088,0.0040268,0.04947,0.097161,8.4927
0.015088,0.0040268,0.04947,0.097161,8.4903
0.015088,0.0040268,0.04947,0.097161,8.491
0.015088,0.0051213,0,0,8.4618
0.015088,0.0051213,0,0,8.4877
0.015088,0.012055,0,0,8.4741
0.015088,0.012055,0,0,8.4781
0.015088,0.012055,0,0,8.4738
0.015088,0.012055,0,0,8.4655
0.015088,0.012055,0,0,8.4576
0.015088,0.012055,0,0,8.4645
0.015088,0.012055,0,0,8.4813
0.015088,0.012055,0,0,8.4858
0.015088,0.010353,0,0,8.4433
0.015088,0.010353,0,0,8.4732
0.015088,0.012357,0,0,8.4707
0.015088,0.019648,0,0,8.4693
0.015088,0.019648,0,0,8.4617
0.015088,0.015232,0,0,8.4593
0.015088,0.015232,0,0,8.4646
0.015088,0.013881,0,0.13147,8.4651
0.015088,0.0089839,0,0,8.4649
0.015088,0.0096696,0,0,8.479
0.015088,0.0096696,0,0,8.4821
0.015088,0.0096696,0,0,8.4875
0.015088,0.0092171,0.12554,0.043183,8.4808
0.015088,0.0092171,0.12554,0.043183,8.4906
0.015088,0.0059202,0,0,8.4862
0.015088,0.0059202,0,0,8.4729
0.015088,0.0059202,0,0,8.4947
0.015088,0.0059202,0,0,8.494
0.015088,0.0059202,0,0,8.4916
0.015088,0.0032066,0.0016562,0.024894,8.4923
0.015088,0.006681,0,0,8.4884
0.015088,0.006681,0,0,8.4922
0.015088,0.0061801,0.021587,0.016603,8.4694
0.015088,0.0061801,0.021587,0.016603,8.4892
0.015088,0.0038081,0.072498,0.018991,8.4658
0.015088,0.0064939,0,0,8.4799
0.015088,0.0064939,0,0,8.4901
0.015088,0.0040445,0,0,8.4776
0.015088,0.0040445,0,0,8.4944
0.015088,0.0029743,0,0,8.4905
0.015088,0.0029743,0,0,8.4913
0.015088,0,0,0,8.4906
0.015088,0,0,0,8.4998
0.015088,0.00052691,0,0.23253,8.4833
0.015088,0,0,0,8.4886
0.015088,0,0,0,8.5011
0.015088,0,0,0,8.5001
0.015088,0,0,0.24611,8.49
0.015088,0,0,0.31259,8.4639
0.015088,0,0,0.31259,8.4782
0.015088,0,0,0.31259,8.4812
0.015088,9.5425e-05,0,0.040628,8.481
0.015088,9.5425e-05,0,0.040628,8.4866
0.015088,9.5425e-05,0,0.040628,8.5014
0.015088,9.5425e-05,0,0.040628,8.4954
0.015088,0.00051211,0,0.24487,8.482
0.015088,0.00051211,0,0.24487,8.4837
0.015088,0.00051211,0,0.24487,8.4908
0.015088,0.00051211,0,0.24487,8.4776
0.015088,0,0,0.20824,8.4804
0.015088,0,0,0.22743,8.4842
0.015088,0,0,0.22743,8.4971
0.015088,0,0,0.22743,8.4938
0.015088,0,0,0.22743,8.4968
0.015088,0,0,0.22743,8.4906
0.015088,0,0,0.25912,8.485
0.015088,0,0,0.18254,8.4837
0.015088,0,0,0.18254,8.4899
0.015088,0,0,0.18254,8.4892
0.015088,0.0020689,0,0,8.4958
0.015088,0.0020689,0,0,8.502
0.015088,0.0020689,0,0,8.4992
0.015088,0.0020689,0,0,8.4972
0.015088,0.0020689,0,0,8.4894
0.015088,0,0,0.10553,8.4942
0.015088,0,0,0.10553,8.4992
0.015088,0,0,0,8.4866
0.015088,0,0,0.055215,8.4896
0.015088,0,0,0,8.4973
0.015088,0,0,0,8.5042
0.015088,0,0,0,8.5024
0.015088,0,0,0,8.5109
0.015088,0,0,0,8.5086
0.015088,0,0,0,8.5032
0.015088,0,0,0,8.5019
0.015088,0,0,0,8.5054
0.015088,0,0,0,8.5006
0.015088,0,0,0,8.5064
0.015088,0,0,0,8.4978
0.015088,0,0,0,8.5029
0.015088,0,0,0,8.4937
0.015088,0,0,0,8.4926
0.015088,0,0,0.19459,8.4926
0.015088,0.00066633,0,0,8.4921
0.015088,0.002042,0,0,8.4816
0.015088,0.002042,0,0,8.4985
0.015088,0.002042,0,0,8.5017
0.015088,0.0036882,0,0,8.4971
0.015088,0.0036882,0,0,8.504
0.015088,0.0036882,0,0,8.4977
0.015088,0.0016984,0,0,8.4901
0.015088,0,0,0,8.4997
0.015088,0,0,0.075188,8.4877
0.015088,0,0,0.075188,8.4945
0.015088,0,0,0,8.485
0.015088,0.0033519,0,0,8.4908
0.015088,0,0,0,8.4863
0.015088,0,0,0,8.5042
0.015088,0,0,0,8.5002
0.015088,0,0,0,8.4909
0.015088,0,0,0,8.5
0.015088,0,0,0,8.4967
0.015088,0.00018525,0,0,8.4936
0.015088,0.00018525,0,0,8.502
0.015088,0.00018525,0,0,8.5051
0.015088,0.00018525,0,0,8.5047
0.015088,0.00018525,0,0,8.4863
0.015088,0,0,0,8.4891
0.015088,0,0,0,8.5058
0.015088,0,0,0,8.4877
0.015088,0,0,0,8.4895
0.015088,0,0,0,8.4955
0.015088,0,0,0,8.5047
0.015088,0,0,0,8.4983
0.015088,0,0,0,8.5017
0.015088,0,0,0,8.507
0.015088,0,0,0,8.5046
0.015088,0,0,0,8.4965
0.015088,0,0,0,8.4905
0.015088,0,0,0,8.4958
0.015088,0,0,0,8.5021
0.015088,0,0,0,8.5051
0.015088,0,0,0,8.502
0.015088,0,0,0,8.4976
0.015088,0,0,0,8.5036
0.015088,0,0,0,8.4885
0.015088,0.00026806,0,0.050021,8.4936
0.015088,0.00026806,0,0.050021,8.5042
0.015088,0.00026806,0,0.050021,8.5092
0.015088,0.00026806,0,0.050021,8.4878
0.015088,0,0,0,8.498
0.015088,0,0,0,8.5052
0.015088,0,0,0,8.502
0.015088,0,0,0,8.4975
0.015088,0,0,0,8.5036
0.015088,0,0,0,8.4895
0.015088,0.0012222,0,0,8.488
0.015088,0.0011314,0,0.1529,8.492
0.015088,0.0011314,0,0.1529,8.4853
0.015088,0.0011314,0,0.1529,8.486
0.015088,0.0011314,0,0.1529,8.4943
0.015088,0,0,0,8.4852
0.015088,0.00086887,0,0,8.4786
0.015088,0.0021645,0.0039379,0.0034386,8.4882
0.015088,0,0,0,8.4896
0.015088,0,0,0,8.5023
0.015088,0,0,0.023405,8.4941
0.015088,0,0,0,8.5024
0.015088,0,0,0.040735,8.4974
0.015088,0,0,0.040735,8.4944
0.015088,0.0017461,0,0,8.4796
0.015088,0.0017461,0,0,8.4944
0.015088,0.0017461,0,0,8.4992
0.015088,0.0017461,0,0,8.483
0.015088,0.0017461,0,0,8.4897
0.015088,0.0017461,0,0,8.491
0.015088,0.0017461,0,0,8.5027
0.015088,0.0017461,0,0,8.5022
0.015088,0,0,0,8.4919
0.015088,0,0,0,8.4947
0.015088,0,0,0,8.4919
0.015088,0,0,0,8.4957
0.015088,0,0,0,8.4879
0.015088,0,0,0,8.508
0.015088,0,0,0.020401,8.4886
0.015088,0.001299,0.050781,0.15057,8.4825
0.015088,0.001299,0.050781,0.15057,8.4845
0.015088,0,0,0,8.4837
0.015088,0,0,0,8.4977
0.015088,0,0,0,8.5034
0.015088,0,0,0,8.4926
0.015088,0,0,0,8.5054
0.015088,0,0,0.12127,8.482
0.015088,0,0,0.08432,8.4924
0.015088,0,0,0.08432,8.501
0.015088,0,0,0.08432,8.4938
0.015088,0,0,0.24314,8.4846
0.015088,0,0,0.24314,8.4954
0.015088,0,0,0,8.4824
0.015088,0,0,0,8.4966
0.015088,0,0,0,8.5061
0.015088,0,0,0,8.4983
0.015088,0,0,0,8.4998
0.015088,0,0,0,8.4987
0.015088,0,0,0,8.4957
0.015088,0,0,0,8.5071
0.015088,0.001976,0,0,8.4961
0.015088,0,0,0,8.4642
0.015088,0,0,0,8.4805
0.015088,0,0,0,8.5077
0.015088,0.0017792,0,0,8.5015
0.015088,0.0017792,0,0,8.5031
0.015088,0.0017792,0,0,8.4843
0.015088,0.0017792,0,0,8.4825
0.015088,0.00023464,0,0.14311,8.4832
0.015088,0.00023464,0,0.14311,8.494
0.015088,0.0015684,0,0,8.4955
0.015088,0.0015684,0,0,8.4994
0.015088,0,0,0.034956,8.4975
0.015088,0,0,0.034956,8.503
0.015088,0,0,0.034956,8.4963
0.015088,0,0,0.0048201,8.5034
0.015088,0,0,0.094261,8.5021
0.015088,0,0,0.094261,8.4989
0.015088,0,0,0.094261,8.4993
0.015088,0,0,0,8.491
0.015088,0,0,0.093579,8.4978
0.015088,0,0,0.12374,8.4916
0.015088,0,0,0,8.4922
0.015088,0,0,0,8.4968
0.015088,0,0,0,8.5066
0.015088,0,0,0,8.5003
0.015088,0,0,0,8.5059
0.015088,0.00031868,0,0,8.4941
0.015088,0.00031868,0,0,8.4995
0.015088,0.00031868,0,0,8.4884
0.015088,0.00031868,0,0,8.4937
0.015088,0.00031868,0,0,8.4986
0.015088,0.00031868,0,0,8.5014
0.015088,0.0031259,0,0.064726,8.4934
0.015088,0.0031259,0,0.064726,8.4897
0.015088,0.0010581,0,0,8.4941
0.015088,0.0010581,0,0,8.4957
0.015088,0.00076921,0,0,8.5009
0.015088,0.00076921,0,0,8.4961
0.015088,0.00076921,0,0,8.5038
0.015088,0.0025854,0,0,8.494
0.015088,0.0024065,0,0.081049,8.4768
0.015088,0.0024065,0,0.081049,8.4845
0.015088,0.0023083,0.039645,0.22317,8.4769
0.015088,0.0023083,0.039645,0.22317,8.4854
0.015088,0,0,0,8.4773
0.015088,0.0014535,0,0,8.4965
0.015088,0.0014535,0,0,8.5015
0.015088,0.0014535,0,0,8.4946
0.015088,0.0014535,0,0,8.502
0.015088,0.0014535,0,0,8.4948
0.015088,0,0,0.026855,8.5028
0.015088,0,0,0.026855,8.5033
0.015088,0,0,0.026855,8.5053
0.015088,0,0,0.026855,8.5033
0.015088,0,0,0.026855,8.5019
0.015088,0,0,0.026855,8.5009
0.015088,0.0028527,0,0,8.4992
0.015088,0.0028527,0,0,8.5
0.015088,0.0015298,0,0.29984,8.4813
0.015088,0.001467,0,0,8.4822
0.015088,0.001467,0,0,8.5013
0.015088,0.0028986,0,0,8.5021
0.015088,0.0067122,0,0.035423,8.4812
0.015088,0.0067122,0,0.035423,8.4877
0.015088,0.0067122,0,0.035423,8.4918
0.015088,0.0067122,0,0.035423,8.4864
0.015088,0.0067122,0,0.035423,8.4931
0.015088,0.0067122,0,0.035423,8.4804
0.015088,0.0067122,0,0.035423,8.4909
0.015088,0.0067122,0,0.035423,8.4806
0.015088,0.0067122,0,0.035423,8.4931
0.015088,0.0067122,0,0.035423,8.4818
0.015088,0.0085537,0.05653,0.1333,8.4698
0.015088,0.0085537,0.05653,0.1333,8.486
0.015088,0.0065889,0,0,8.4786
0.015088,0.0065889,0,0,8.4821
0.015088,0.0020993,0,0,8.4839
0.015088,0.0020993,0,0,8.502
0.015088,0.0020993,0,0,8.5001
0.015088,0.0020993,0,0,8.4921
0.015088,0.005676,0,0,8.479
0.015088,0.0064324,0,0,8.4857
0.015088,0.0064324,0,0,8.4858
0.015088,0.0064324,0,0,8.4888
0.015088,0.0064324,0,0,8.4729
0.015088,0.0064324,0,0,8.485
0.015088,0.0064324,0,0,8.4855
0.015088,0.0028214,0,0.26729,8.4759
0.015088,0.0012627,0,0.18625,8.48
0.015088,0.0012627,0,0.18625,8.4908
0.015088,0.0012627,0,0.18625,8.4951
0.015088,0.0012627,0,0.18625,8.4884
0.015088,0.0012627,0,0.18625,8.4843
0.015088,0.0012627,0,0.18625,8.4969
0.015088,0.0012627,0,0.18625,8.4846
0.015088,0.0012627,0,0.18625,8.4887
0.015088,0.0012627,0,0.18625,8.4874
0.015088,0,0,0.31614,8.4774
0.015088,0.00094099,0,0.085115,8.4671
0.015088,0.00094099,0,0.085115,8.4989
0.015088,0.0007978,0,0,8.4879
0.015088,0.0007978,0,0,8.4981
0.015088,0.0007978,0,0,8.503
0.015088,0.0007978,0,0,8.491
0.015088,0,0,0.079326,8.496
0.015088,0,0,0.079326,8.4887
0.015088,0,0,0.079326,8.5006
0.015088,0,0,0.079326,8.4943
0.015088,0,0,0.079326,8.4866
0.015088,0,0,0.079326,8.5005
0.015088,0.0016759,0,0.031742,8.4931
0.015088,0.0038832,0,0.25115,8.464
0.015088,0.0038832,0,0.25115,8.4803
0.015088,0.0038832,0,0.25115,8.4817
0.015088,0.0025077,0.14881,0.12231,8.4797
0.015088,0.0025077,0.14881,0.12231,8.4824
0.015088,0.0025077,0.14881,0.12231,8.476
0.015088,0.0049235,0.19859,0.11691,8.4878
0.015088,0,0,0.22267,8.4883
0.015088,0,0,0.22267,8.4871
0.015088,0.0020889,0,0.38494,8.4671
0.015088,0.0042782,0.047273,0.46372,8.4522
0.015088,0.0042782,0.047273,0.46372,8.4753
0.015088,0.0042782,0.047273,0.46372,8.4738
0.015088,0.0042782,0.047273,0.46372,8.4654
0.015088,0.0029995,0,0.33948,8.4737
0.015088,0,0,0.1214,8.4796
0.015088,0,0,0.1384,8.4933
0.015088,0,0,0.1384,8.4953
0.015088,0,0,0.1384,8.4856
0.015088,0,0,0.1384,8.4982
0.015088,0.00040038,0.020861,0.25431,8.4821
0.015088,0,0,0.18137,8.4928
0.015088,0,0,0.18137,8.494
0.015088,0,0,0.18137,8.4917
0.015088,0,0,0.18137,8.4947
0.015088,2.2535e-06,0,0.35916,8.4845
0.015088,0.00043142,0,0.28797,8.4684
0.015088,0,0,0,8.4794
0.015088,0.0018113,0,0,8.4879
0.015088,0.0005436,0,0,8.4944
0.015088,0.0005436,0,0,8.4962
0.015088,0.0005436,0,0,8.4872
0.015088,0,0,0,8.4896
0.015088,0,0,0,8.5011
0.015088,0,0,0,8.5015
0.015088,0,0,0,8.4944
0.015088,0,0,0,8.4895
0.015088,0.00056956,0,0,8.4988
0.015088,0,0,0.1233,8.4896
0.015088,0.00066624,0,0,8.4852
0.015088,0.00066624,0,0,8.4946
0.015088,0.00066624,0,0,8.4869
0.015088,0.00066624,0,0,8.4925
0.015088,0.00066624,0,0,8.5005
0.015088,0.00066624,0,0,8.5057
0.015088,0.00066624,0,0,8.4944
0.015088,0.00066624,0,0,8.5036
0.015088,0.00066624,0,0,8.5047
0.015088,0.00066624,0,0,8.4883
0.015088,0.00066624,0,0,8.5037
0.015088,0,0,0,8.4925
0.015088,0,0,0,8.5015
0.015088,0,0,0,8.5076
0.015088,0,0,0,8.4986
0.015088,0,0,0,8.5001
0.015088,0,0,0,8.4931
0.015088,0,0,0,8.5
0.015088,0,0,0,8.4934
0.015088,0,0,0,8.5054
0.015088,0,0,0,8.4901
0.015088,0,0,0,8.4849
0.015088,0.0030383,0,0,8.4961
0.015088,0.0015442,0,0.084465,8.4927
0.015088,0.0015442,0,0.084465,8.4988
0.015088,0,0,0.10677,8.4785
0.015088,0,0,0,8.489
0.015088,0,0,0,8.4988
0.015088,0,0,0,8.4913
0.015088,0.0052923,0,0,8.4909
0.015088,0.0080489,0,0,8.4918
0.015088,0.0059263,0,0.016501,8.485
0.015088,0.0059263,0,0.016501,8.4792
0.015088,0.0055998,0,0.059618,8.4741
0.015088,0.0032837,0,0,8.4898
0.015088,0.0032837,0,0,8.5013
0.015088,0,0,0,8.4839
0.015088,0,0,0,8.5071
0.015088,0,0,0,8.4954
0.015088,0,0,0,8.496
0.015088,0,0,0,8.5028
0.015088,0,0,0,8.4883
0.015088,0,0,0,8.4992
0.015088,0,0,0,8.5017
0.015088,0,0,0.18693,8.4873
0.015088,0,0,0,8.4942
0.015088,0,0,0,8.5013
0.015088,0,0,0,8.5007
0.015088,0,0,0,8.5034
0.015088,0,0,0.13336,8.4861
0.015088,0,0,0,8.4895
0.015088,0,0,0,8.4996
0.015088,0,0,0,8.5009
0.015088,0.0013296,0,0.013649,8.4936
0.015088,0,0,0.21518,8.491
0.015088,0,0,0.21518,8.4896
0.015088,0,0,0.012107,8.4927
0.015088,0,0,0.012107,8.5045
0.015088,0,0,0.012107,8.5052
0.015088,0,0,0,8.4872
0.015088,0,0,0,8.5075
0.015088,0,0,0,8.514
0.015088,0,0,0,8.4979
0.015088,0,0,0,8.493
0.015088,0,0,0,8.5021
0.015088,0,0,0,8.5026
0.015088,0,0,0,8.4878
0.015088,0.0002636,0,0.0064812,8.5037
0.015088,0.0002636,0,0.0064812,8.4918
0.015088,0.0002636,0,0.0064812,8.4988
0.015088,0.0002636,0,0.0064812,8.4919
0.015088,0.0002636,0,0.0064812,8.4985
0.015088,0.0002636,0,0.0064812,8.4976
0.015088,0.0002636,0,0.0064812,8.4944
0.015088,0.0025079,0,0.10507,8.4769
0.015088,0.0023197,0,0,8.486
0.015088,0.0017555,0,0,8.4926
0.015088,0.0017555,0,0,8.4918
0.015088,0,0,0.33733,8.483
0.015088,0,0,0.33733,8.4878
0.015088,0,0,0.33733,8.4804
0.015088,0,0,0.33733,8.4909
0.015088,0,0,0.33733,8.4852
0.015088,0,0,0.33733,8.4936
0.015088,0,0,0.33733,8.4867
0.015088,0,0,0.37299,8.4739
0.015088,0,0,0.069498,8.4763
0.015088,0,0,0.069498,8.5014
0.015088,0,0,0,8.4954
0.015088,0.0048989,0,0,8.4878
0.015088,0.0048989,0,0,8.4959
0.015088,0.0048989,0,0,8.4861
0.015088,0.0048989,0,0,8.4958
0.015088,0.0048989,0,0,8.4919
0.015088,0.0048989,0,0,8.4883
0.015088,0.0010226,0,0,8.4827
0.015088,0.0010226,0,0,8.4947
0.015088,0,0,0,8.4903
0.015088,0,0,0,8.5002
0.015088,0,0,0,8.5024
0.015088,0,0,0,8.5055
0.015088,0,0,0,8.4971
0.015088,0.00073595,0,0,8.4865
0.015088,0.00073595,0,0,8.5046
0.015088,0,0,0,8.4885
0.015088,0,0,0,8.5051
0.015088,0,0,0,8.5041
0.015088,0.00081915,0,0,8.4887
0.015088,0.00081915,0,0,8.5021
0.015088,0.00081915,0,0,8.497
0.015088,0.00081915,0,0,8.4982
0.015088,0.00081915,0,0,8.4997
0.015088,0.0032768,0,0,8.494
0.015088,0.0032768,0,0,8.4888
0.015088,0.00045582,0,0,8.4955
0.015088,0,0,0.11775,8.4976
0.015088,0.00012573,0,0,8.4867
0.015088,0.00012573,0,0,8.494
0.015088,0.00012573,0,0,8.5015
0.015088,0.00012573,0,0,8.4962
0.015088,0.00012573,0,0,8.4928
0.015088,0,0,0,8.4871
0.015088,0,0,0,8.4904
0.015088,0,0,0,8.5109
0.015088,0.0003856,0,0,8.4909
0.015088,0.0003856,0,0,8.4929
0.015088,0.0003856,0,0,8.5064
0.015088,0,0,0,8.5005
0.015088,0,0,0,8.5007
0.015088,0,0,0,8.4994
0.015088,0,0,0,8.5001
0.015088,0,0,0,8.5032
0.015088,0,0,0,8.5047
0.015088,0,0,0,8.4962
0.015088,0,0,0,8.505
0.015088,0.00066001,0,0,8.4893
0.015088,0.00066001,0,0,8.5067
0.015088,0.00066001,0,0,8.5054
0.015088,0.00066001,0,0,8.5046
0.015088,0,0,0.10715,8.5013
0.015088,0,0,0.10715,8.4987
0.015088,0.0016349,0.032714,0.22397,8.4792
0.015088,0.0016349,0.032714,0.22397,8.4818
0.015088,0,0,0.17526,8.4762
0.015088,0.0032458,0,0.03362,8.4887
0.015088,0.0032458,0,0.03362,8.4943
0.015088,0.0032458,0,0.03362,8.4964
0.015088,0.0018294,0,0,8.494
0.015088,0,0,0,8.5011
0.015088,0,0,0,8.4971
0.015088,0,0,0,8.4984
0.015088,0.0019222,0,0,8.4861
0.015088,0.0019222,0,0,8.4888
0.015088,0.0019222,0,0,8.5064
0.015088,0.0028086,0,0.17147,8.4854
0.015088,0.0031043,0.011658,0.081223,8.4891
0.015088,0.0031043,0.011658,0.081223,8.4976
0.015088,0.0031043,0.011658,0.081223,8.4924
0.015088,0.0031043,0.011658,0.081223,8.4931
0.015088,0,0,0,8.4804
0.015088,0,0,0,8.4829
0.015088,0,0,0,8.5025
0.015088,0,0,0,8.5044
0.015088,0,0,0,8.498
0.015088,0,0,0,8.4928
0.015088,0,0,0,8.4878
0.015088,0,0,0,8.5035
0.015088,0,0,0,8.5054
0.015088,0,0,0.10791,8.4887
0.015088,0,0,0.10791,8.4989
0.015088,0,0,0.10791,8.4837
0.015088,0,0,0.20956,8.4888
0.015088,0,0,0.20956,8.4927
0.015088,0,0,0.20956,8.4859
0.015088,0,0,0.20956,8.482
0.015088,0,0,0.249,8.4828
0.015088,0,0,0.249,8.4784
0.015088,0.002435,0,0.19937,8.4707
0.015088,0.002435,0,0.19937,8.4879
0.015088,0.002435,0,0.19937,8.4828
0.015088,0.002435,0,0.19937,8.4774
0.015088,0.003341,0,0.034418,8.482
0.015088,0.003341,0,0.034418,8.484
0.015088,0.003341,0,0.034418,8.4895
0.015088,0.0056968,0,0.084504,8.4873
0.015088,0.0024712,0,0.051139,8.4872
0.015088,0.0024712,0,0.051139,8.4893
0.015088,0.0024712,0,0.051139,8.491
0.015088,0.0024712,0,0.051139,8.4989
0.015088,0.0024712,0,0.051139,8.4957
0.015088,0.0018438,0,0,8.4688
0.015088,0.0034465,0,0,8.4857
0.015088,0.0034465,0,0,8.4893
0.015088,0.0061462,0,0.07538,8.4802
0.015088,0.0061462,0,0.07538,8.4804
0.015088,0.0061462,0,0.07538,8.4871
0.015088,0.0061462,0,0.07538,8.4891
0.015088,0.0017902,0.10763,0.034493,8.4873
0.015088,0,0,0,8.4895
0.015088,0.002491,0,0.087437,8.496
0.015088,0.002491,0,0.087437,8.4876
0.015088,0.00043307,0,0.0031708,8.4709
0.015088,0.00043307,0,0.0031708,8.4926
0.015088,0.00043307,0,0.0031708,8.502
0.015088,0.0053981,0,0,8.4848
0.015088,0.0053981,0,0,8.4825
0.015088,0.0014347,0,0,8.4809
0.015088,0.0014347,0,0,8.4966
0.015088,0.0014347,0,0,8.4957
0.015088,0.0014347,0,0,8.4989
0.015088,0.0014347,0,0,8.4912
0.015088,0.0014347,0,0,8.4944
0.015088,0.0014347,0,0,8.4981
0.015088,0.003455,0,0,8.4903
0.015088,0,0,0.077828,8.4798
0.015088,0,0,0.077828,8.494
0.015088,0,0,0.077828,8.5027
0.015088,0,0,0.077828,8.4978
0.015088,0,0,0.077828,8.5022
0.015088,0,0,0.077828,8.4989
0.015088,0,0,0.077828,8.5011
0.015088,0,0,0.077828,8.5037
0.015088,0,0,0.077828,8.5009
0.015088,0.0039056,0,0.027411,8.4847
0.015088,0.0082741,0,0,8.4849
0.015088,0.0082741,0,0,8.4781
0.015088,0.0018227,0.054784,0.0059395,8.4876
0.015088,0,0,0,8.5025
0.015088,0,0,0,8.5076
0.015088,0.0014995,0,0.016631,8.4895
0.015088,0.0014995,0,0.016631,8.4902
0.015088,0.0014995,0,0.016631,8.4981
0.015088,0.0014995,0,0.016631,8.4953
0.015088,0.0014995,0,0.016631,8.4894
0.015088,0.0014995,0,0.016631,8.495
0.015088,0.0014995,0,0.016631,8.5005
0.015088,0.0014995,0,0.016631,8.5004
0.015088,0.0014995,0,0.016631,8.5002
0.015088,0.0014995,0,0.016631,8.4939
0.015088,0.0014995,0,0.016631,8.482
0.015088,0.0014995,0,0.016631,8.5011
0.015088,0.0014995,0,0.016631,8.4999
0.015088,0.0014995,0,0.016631,8.4967
0.015088,0.0037796,0,0,8.4915
0.015088,0.0037796,0,0,8.4939
0.015088,0.0037796,0,0,8.4989
0.015088,0.0060182,0,0,8.4825
0.015088,0.0060182,0,0,8.4963
0.015088,0.0060182,0,0,8.4894
0.015088,0.0060182,0,0,8.4893
0.015088,0.0060182,0,0,8.4765
0.015088,0.0022735,0.01518,0.14178,8.4684
0.015088,0.0022735,0.01518,0.14178,8.4906
0.015088,0.0043729,0,0.026055,8.4862
0.015088,0.0043729,0,0.026055,8.4878
0.015088,0.0061034,0.080277,0.072151,8.4896
0.015088,0.0010117,0,0,8.492
0.015088,0.0010117,0,0,8.5014
0.015088,0.0016871,0,0.076515,8.4898
0.015088,0.0016871,0,0.076515,8.4977
0.015088,0.0016871,0,0.076515,8.4962
0.015088,0.0016871,0,0.076515,8.4905
0.015088,0.0018119,0,0,8.4861
0.015088,0.0018119,0,0,8.5015
0.015088,0.0018119,0,0,8.499
0.015088,0.0018119,0,0,8.4885
0.015088,0.0018119,0,0,8.5025
0.015088,0,0,0.022656,8.4886
0.015088,0,0,0.022656,8.4992
0.015088,0,0,0.022656,8.4935
0.015088,0,0,0.022656,8.4992
0.015088,0,0,0.022656,8.5049
0.015088,0,0,0,8.4883
0.015088,0,0,0,8.505
0.015088,0,0,0,8.4976
0.015088,0,0,0,8.4984
0.015088,0,0,0,8.5062
0.015088,0,0,0,8.4969
0.015088,0.0015008,0,0,8.4942
0.015088,0.00073635,0,0,8.4965
0.015088,0.00073635,0,0,8.4993
0.015088,0,0,0,8.486
0.015088,0,0,0,8.498
0.015088,0,0,0,8.5087
0.015088,0,0,0,8.5044
0.015088,0,0,0,8.5019
0.015088,0.0060749,0,0,8.4892
0.015088,0.0060749,0,0,8.4857
0.015088,0.0058063,0,0,8.4861
0.015088,0.0058063,0,0,8.4896
0.015088,0.0030745,0,0.13271,8.4912
0.015088,0.0029629,0,0.062632,8.4894
0.015088,1.238e-05,0,0,8.4872
0.015088,1.238e-05,0,0,8.5008
0.015088,0.0025635,0,0,8.4993
0.015088,0.0025635,0,0,8.4815
0.015088,0.0025635,0,0,8.4955
0.015088,0.0025635,0,0,8.5014
0.015088,0.0033213,0,0,8.4836
0.015088,0.0035397,0,0.11786,8.486
0.015088,0.0035397,0,0.11786,8.4913
0.015088,0.0064135,0,0,8.485
0.015088,0.0020446,0,0.091307,8.48
0.015088,0.0020446,0,0.091307,8.4814
0.015088,0.0020446,0,0.091307,8.4993
0.015088,0.0020446,0,0.091307,8.4869
0.015088,0.0020446,0,0.091307,8.4914
0.015088,0.0038041,0.022548,0.048565,8.4919
0.015088,0.0038041,0.022548,0.048565,8.4914
0.015088,0.0038041,0.022548,0.048565,8.4892
0.015088,0.0038041,0.022548,0.048565,8.4952
0.015088,0.0063832,0,0.24524,8.4737
0.015088,0.0063832,0,0.24524,8.4781
0.015088,0.0015876,0,0.3512,8.4769
0.015088,0.0015876,0,0.3512,8.4795
0.015088,0,0,0.080727,8.4773
0.015088,0.0014196,0,0,8.4991
0.015088,0.0014196,0,0,8.4947
0.015088,0.001107,0.14292,0.23356,8.4906
0.015088,0,0,0.42509,8.4704
0.015088,0,0,0.42509,8.4821
0.015088,0,0,0.42509,8.4671
0.015088,0,0,0.30381,8.4651
0.015088,0,0,0.30381,8.4843
0.015088,0,0,0.30381,8.4897
0.015088,0,0,0.30381,8.4906
0.015088,0,0,0.30381,8.489
0.015088,0,0,0.30381,8.4811
0.015088,0,0,0.014952,8.491
0.015088,0,0,0.014952,8.4978
0.015088,0,0,0.014952,8.4992
0.015088,0,0,0.014952,8.4966
0.015088,0,0,0.034487,8.4879
0.015088,0,0,0.034487,8.5005
0.015088,0,0,0.034487,8.4979
0.015088,0.0012679,0,0.14196,8.4842
0.015088,0.0012679,0,0.14196,8.4954
0.015088,0.0012679,0,0.14196,8.4989
0.015088,0.0012679,0,0.14196,8.4894
0.015088,0.0012679,0,0.14196,8.5021
0.015088,0.0031834,0,0.090353,8.4823
0.015088,0.0026708,0,0,8.4921
0.015088,0.0026708,0,0,8.5022
0.015088,0.0026708,0,0,8.4968
0.015088,0.0026708,0,0,8.4999
0.015088,0,0,0,8.4847
0.015088,0.00038278,0,0,8.5048
0.015088,0.00038278,0,0,8.5027
0.015088,0,0,0.028478,8.4947
0.015088,0,0,0.028478,8.4939
0.015088,0,0,0.028478,8.5053
0.015088,0,0,0.028478,8.4946
0.015088,0,0,0.028478,8.5
0.015088,0,0,0.026204,8.5004
0.015088,0,0,0.08128,8.4956
0.015088,0,0,0,8.4909
0.015088,0,0,0,8.498
0.015088,0,0,0,8.5034
0.015088,0.0031074,0,0,8.4957
0.015088,0.0031074,0,0,8.4801
0.015088,0.0031074,0,0,8.4955
0.015088,0.0031074,0,0,8.5064
0.015088,0.0019552,0,0,8.4999
0.015088,0.0019552,0,0,8.4993
0.015088,0.0019552,0,0,8.494
0.015088,0.0019552,0,0,8.4971
0.015088,0.0019552,0,0,8.4961
0.015088,5.4014e-05,0,0.14366,8.4951
0.015088,0,0,0.048716,8.5001
0.015088,0,0,0.048716,8.4964
0.015088,0,0,0.048716,8.4929
0.015088,0,0,0.048716,8.5031
0.015088,0,0,0.048716,8.5013
0.015088,0,0,0,8.5008
0.015088,0,0,0,8.5096
0.015088,0,0,0.1384,8.4834
0.015088,0,0,0.1384,8.5005
0.015088,0,0,0.1384,8.4975
0.015088,0,0,0.1384,8.4827
0.015088,0,0,0,8.4835
0.015088,0,0,0,8.5033
0.015088,0,0,0,8.5022
0.015088,0,0,0,8.4915
0.015088,0,0,0,8.4997
0.015088,0,0,0,8.5042
0.015088,0,0,0,8.4973
0.015088,0,0,0,8.4928
0.015088,0,0,0.073867,8.4924
0.015088,0,0,0.073867,8.4919
0.015088,0,0,0.073867,8.5005
0.015088,0,0,0.0037741,8.4881
0.015088,0,0,0,8.4887
0.015088,0,0,0,8.5069
0.015088,0,0,0,8.4901
0.015088,0,0,0,8.501
0.015088,0,0,0,8.5042
0.015088,0,0,0,8.4934
0.015088,0,0,0,8.5061
0.015088,0,0,0,8.4868
0.015088,0.00056749,0,0,8.5005
0.015088,0.00056749,0,0,8.497
0.015088,0,0,0,8.4855
0.015088,0,0,0,8.5054
0.015088,0,0,0,8.4919
0.015088,0,0,0,8.5063
0.015088,0,0,0,8.4975
0.015088,0,0,0,8.4985
0.015088,0.0028929,0,0,8.4976
0.015088,0.0028929,0,0,8.4943
0.015088,0.0028929,0,0,8.4914
0.015088,0.0028929,0,0,8.4982
0.015088,0,0,0,8.5005
0.015088,0,0,0,8.5003
0.015088,0,0,0,8.4977
0.015088,0,0,0,8.5015
0.015088,0,0,0,8.5042
0.015088,0.00087215,0,0,8.4898
0.015088,0.00087215,0,0,8.4908
0.015088,0.00087215,0,0,8.506
0.015088,0,0,0,8.4799
0.015088,0,0,0,8.4903
0.015088,0,0,0,8.5032
0.015088,0,0,0.028546,8.4871
0.015088,0,0,0.028546,8.5056
0.015088,0,0,0.028546,8.4955
0.015088,0,0,0.028546,8.4978
0.015088,0,0,0.01549,8.4762
0.015088,0,0,0.01549,8.5069
0.015088,0,0,0.01549,8.5023
0.015088,0,0,0.01549,8.4945
0.015088,0,0,0.01549,8.4978
0.015088,0,0,0.01549,8.5017
0.015088,0.0011576,0,0,8.498
0.015088,0,0,0,8.476
0.015088,0,0,0.17589,8.4782
0.015088,0,0,0.17589,8.4932
0.015088,0,0,0.17589,8.499
0.015088,0,0,0.17589,8.5005
0.015088,0.0021187,0,0.22457,8.4871
0.015088,0.0021187,0,0.22457,8.4792
0.015088,0.0040553,0,0.05396,8.4908
0.015088,0.0044622,0,0,8.4875
0.015088,0.0042994,0,0.04662,8.4862
0.015088,0.0082184,0,0,8.4878
0.015088,0.010124,0,0,8.4801
0.015088,0.010124,0,0,8.4824
0.015088,0.0022521,0,0,8.4901
0.015088,0.0022521,0,0,8.5019
0.015088,0.0022521,0,0,8.4967
0.015088,0.0022521,0,0,8.508
0.015088,0.0022521,0,0,8.4964
0.015088,0.0022521,0,0,8.4972
0.015088,0.0070158,0,0.01766,8.4811
0.015088,0.0066299,0.035377,0.2326,8.4783
0.015088,0.0066299,0.035377,0.2326,8.4784
0.015088,0.0066299,0.035377,0.2326,8.4808
0.015088,0.0066299,0.035377,0.2326,8.4842
0.015088,0.0066299,0.035377,0.2326,8.4798
0.015088,0.0039523,0.059507,0.28343,8.4761
0.015088,0.0039523,0.059507,0.28343,8.4802
0.015088,0.0039523,0.059507,0.28343,8.4849
0.015088,0,0,0.14841,8.4713
0.015088,0,0,0.058237,8.4896
0.015088,0,0,0.058237,8.4895
0.015088,0,0,0.058237,8.4999
0.015088,0,0,0.058237,8.4997
0.015088,0,0,0,8.4806
0.015088,0,0,0,8.4972
0.015088,0,0,0,8.5022
0.015088,0,0,0,8.5068
0.015088,0,0,0,8.4943
0.015088,0,0,0,8.4954
0.015088,0,0,0,8.4919
0.015088,0,0,0,8.4954
0.015088,0,0,0,8.4935
0.015088,0,0,0.073132,8.481
0.015088,0,0,0.073132,8.4936
0.015088,0,0,0.073132,8.5
0.015088,0,0,0.073132,8.4933
0.015088,0,0,0.073132,8.4929
0.015088,0,0,0.073132,8.4965
0.015088,0,0,0,8.475
0.015088,0,0,0,8.5019
0.015088,0,0,0,8.496
0.015088,0,0,0,8.5033
0.015088,0,0,0,8.4905
0.015088,0,0,0.22104,8.494
0.015088,0,0,0.22104,8.4875
0.015088,0,0,0.22104,8.4931
0.015088,0.002279,0,0,8.4833
0.015088,0.002279,0,0,8.4973
0.015088,0.002279,0,0,8.4981
0.015088,0.002279,0,0,8.5021
0.015088,0.002279,0,0,8.5019
0.015088,0.002279,0,0,8.5
0.015088,0.002279,0,0,8.4893
0.015088,0,0,0,8.4993
0.015088,0,0,0,8.5052
0.015088,0,0,0,8.5023
0.015088,0,0,0,8.5049
0.015088,0,0,0,8.5027
0.015088,0,0,0,8.5083
0.015088,0,0,0,8.4948
0.015088,0,0,0,8.4969
0.015088,0,0,0,8.4877
0.015088,0,0,0,8.5046
0.015088,0,0,0,8.4896
0.015088,0,0,0,8.4772
0.015088,0,0,0,8.5018
0.015088,0,0,0,8.5004
0.015088,0,0,0,8.5018
0.015088,0,0,0,8.5044
0.015088,0,0,0,8.5047
0.015088,0,0,0,8.5056
0.015088,0,0,0,8.5042
0.015088,0,0,0,8.4825
0.015088,0,0,0,8.4974
0.015088,0,0,0,8.5026
0.015088,0,0,0,8.5027
0.015088,0.0027521,0.034428,0.048937,8.4863
0.015088,0.0014785,0,0,8.4944
0.015088,0.00044721,0,0,8.4854
0.015088,0.00044721,0,0,8.4941
0.015088,0.00044721,0,0,8.5036
0.015088,0.00044721,0,0,8.506
0.015088,0.00044721,0,0,8.5092
0.015088,0.00044721,0,0,8.5081
0.015088,0.00044721,0,0,8.4902
0.015088,0.00044721,0,0,8.4908
0.015088,0.00044721,0,0,8.4947
0.015088,0.00044721,0,0,8.4878
0.015088,0.00044721,0,0,8.4861
0.015088,0.00044721,0,0,8.5064
0.015088,0.00044721,0,0,8.5025
0.015088,0.0010895,0,0,8.4986
0.015088,0.0010895,0,0,8.4971
0.015088,0.0040159,0,0,8.4838
0.015088,0.0040159,0,0,8.4949
0.015088,0.0040159,0,0,8.4838
0.015088,0.0040159,0,0,8.4853
0.015088,0.0021085,0,0.13945,8.485
0.015088,0.0031551,0.065683,0.11,8.4839
0.015088,0.0011346,0,0,8.4892
0.015088,0.0011346,0,0,8.489
0.015088,0.0011346,0,0,8.4963
0.015088,0,0,0,8.49
0.015088,0,0,0,8.5028
0.015088,0,0,0,8.502
0.015088,0,0,0,8.5049
0.015088,0,0,0,8.5097
0.015088,0,0,0,8.4998
0.015088,0,0,0,8.5003
0.015088,0,0,0,8.493
0.015088,0,0,0,8.5083
0.015088,0.00075959,0,0,8.5047
0.015088,0.00075959,0,0,8.5011
0.015088,0.00075959,0,0,8.5062
0.015088,0.0012255,0,0.20277,8.4901
0.015088,0.00019052,0,0,8.4889
0.015088,0.0022603,0,0,8.4887
0.015088,0.0022603,0,0,8.5021
0.015088,0.0022603,0,0,8.4898
0.015088,0.0022603,0,0,8.5019
0.015088,0.0059122,0,0,8.4747
0.015088,0.0059122,0,0,8.493
0.015088,0,0,0.10825,8.486
0.015088,0,0,0.10825,8.4999
0.015088,0,0,0.10825,8.4883
0.015088,0,0,0,8.4996
0.015088,0,0,0,8.4962
0.015088,0,0,0,8.505
0.015088,0,0,0,8.5045
0.015088,0.00016113,0,0,8.4974
0.015088,9.4103e-05,0,0,8.4908
0.015088,9.4103e-05,0,0,8.4951
0.015088,9.4103e-05,0,0,8.5007
0.015088,0.00035725,0.022704,0.085934,8.4828
0.015088,0.00035725,0.022704,0.085934,8.4942
0.015088,0.0034505,0,0,8.4896
0.015088,0.0034505,0,0,8.4966
0.015088,0.0034505,0,0,8.4939
0.015088,0.0034505,0,0,8.4994
0.015088,0.0034505,0,0,8.4891
0.015088,0.0054324,0.16249,0.026467,8.4884
0.015088,0.0054324,0.16249,0.026467,8.4917
0.015088,0.0028695,0,0,8.4829
0.015088,0.0028695,0,0,8.4989
0.015088,0.0028695,0,0,8.4948
0.015088,0.0028695,0,0,8.4985
0.015088,0.0058828,0,0,8.4793
0.015088,0.0058828,0,0,8.4907
0.015088,0.0058828,0,0,8.4916
0.015088,0.0022185,0,0.042433,8.4772
0.015088,0.0022185,0,0.042433,8.4922
0.015088,0.0022185,0,0.042433,8.4981
0.015088,0.0012585,0.020609,0.3213,8.4893
0.015088,0.0012585,0.020609,0.3213,8.4815
0.015088,0.0012585,0.020609,0.3213,8.4845
0.015088,0.0012585,0.020609,0.3213,8.4833
0.015088,0.0012585,0.020609,0.3213,8.477
0.015088,0.0012585,0.020609,0.3213,8.4832
0.015088,0.0012585,0.020609,0.3213,8.4745
0.015088,0.0012585,0.020609,0.3213,8.4839
0.015088,0.0012585,0.020609,0.3213,8.4807
0.015088,0.0012585,0.020609,0.3213,8.4943
0.015088,0.0012585,0.020609,0.3213,8.485
0.015088,0.0087378,0.037814,0.028843,8.4621
0.015088,0.0087378,0.037814,0.028843,8.4806
0.015088,0.0081017,0,0,8.4791
0.015088,0.0081017,0,0,8.4931
0.015088,0.0081017,0,0,8.4865
0.015088,0.0062489,0,0.063663,8.4869
0.015088,0.0027288,0,0,8.4817
0.015088,0.00188,0,0,8.4885
0.015088,0.00188,0,0,8.5
0.015088,0.00188,0,0,8.4889
0.015088,0.00035177,0,0,8.4915
0.015088,0.00035177,0,0,8.5047
0.015088,0.00035177,0,0,8.5042
0.015088,0.00035177,0,0,8.5039
0.015088,0.00035177,0,0,8.5028
0.015088,0.00035177,0,0,8.5021
0.015088,0.00035177,0,0,8.5058
0.015088,0.00035177,0,0,8.487
0.015088,0.00035177,0,0,8.4993
0.015088,0,0,0.024153,8.4875
0.015088,0,0,0.11461,8.4948
0.015088,0,0,0.23058,8.4716
0.015088,0,0,0.23058,8.495
0.015088,0,0,0.23058,8.4908
0.015088,0,0,0.23058,8.4774
0.015088,0.0019996,0,0.22357,8.4761
0.015088,0.0019996,0,0.22357,8.4899
0.015088,0.0019996,0,0.22357,8.4912
0.015088,0.0019996,0,0.22357,8.4915
0.015088,0.0019996,0,0.22357,8.4929
0.015088,0.0037639,0.029285,0.07879,8.4863
0.015088,0.0047658,0.078583,0.22409,8.4798
0.015088,0.0047658,0.078583,0.22409,8.49
0.015088,0,0,0.25992,8.4752
0.015088,0,0,0.25992,8.4854
0.015088,0.0022943,0,0.07576,8.4781
0.015088,0.0022943,0,0.07576,8.4984
0.015088,0.0022943,0,0.07576,8.4951
0.015088,0.0027341,0,0.041741,8.4849
0.015088,0.0027341,0,0.041741,8.4938
0.015088,0.0027341,0,0.041741,8.5005
0.015088,0.0027341,0,0.041741,8.4857
0.015088,0.0017204,0.013747,0.057732,8.4809
0.015088,0.0017204,0.013747,0.057732,8.4982
0.015088,0.0017204,0.013747,0.057732,8.493
0.015088,0.0017204,0.013747,0.057732,8.5013
0.015088,0.0017204,0.013747,0.057732,8.5023
0.015088,0.0017204,0.013747,0.057732,8.5003
0.015088,0.0017204,0.013747,0.057732,8.4907
0.015088,0,0,0.073234,8.4967
0.015088,0,0,0,8.4965
0.015088,0,0,0.03493,8.4817
0.015088,0,0,0.03493,8.5032
0.015088,0,0,0.03493,8.4971
0.015088,0,0,0.03493,8.4914
0.015088,0,0,0.03493,8.5002
0.015088,0,0,0.03493,8.5056
0.015088,0,0,0.03493,8.4907
0.015088,0,0,0.03493,8.4931
0.015088,0,0,0.03493,8.4905
0.015088,0,0,0.03493,8.4954
0.015088,0.00052777,0,0.035061,8.4879
0.015088,0.00052777,0,0.035061,8.5022
0.015088,0.00052777,0,0.035061,8.4893
0.015088,0.00052777,0,0.035061,8.5057
0.015088,0,0,0,8.4902
0.015088,0.003902,0,0,8.4705
0.015088,0.003902,0,0,8.4968
0.015088,0.0011362,0.058223,0.16408,8.4879
0.015088,0.0025389,0,0,8.4921
0.015088,0.00053888,0,0.28207,8.4751
0.015088,0,0,0.23996,8.4837
0.015088,0,0,0.23996,8.4973
0.015088,0,0,0.23996,8.4852
0.015088,0,0,0.23996,8.4944
0.015088,0,0,0,8.4851
0.015088,0,0,0,8.4768
0.015088,0,0,0,8.5022
0.015088,0,0,0,8.5049
0.015088,0,0,0,8.5057
0.015088,0,0,0,8.4976
0.015088,0,0,0,8.5014
0.015088,0,0,0.021928,8.4994
0.015088,0,0,0.021928,8.5075
0.015088,0,0,0.021928,8.5005
0.015088,0,0,0.021928,8.499
0.015088,0,0,0.021928,8.5116
0.015088,0,0,0.021928,8.5038
0.015088,0,0,0.021928,8.4973
0.015088,0,0,0.021928,8.4982
0.015088,0,0,0.021928,8.5037
0.015088,0,0,0.24513,8.4898
0.015088,0,0,0.24513,8.4884
0.015088,0,0,0.24513,8.4963
0.015088,0.00052209,0.1422,0.21806,8.4843
0.015088,0,0,0.17097,8.4738
0.015088,0,0,0.028874,8.4843
0.015088,0,0,0.028874,8.5018
0.015088,5.8639e-05,0,0,8.4828
0.015088,0,0,0,8.4934
0.015088,0,0,0,8.5038
0.015088,0,0,0,8.4915
0.015088,0,0,0,8.4893
0.015088,0,0,0,8.5047
0.015088,0,0,0,8.4916
0.015088,0,0,0,8.5003
0.015088,0,0,0,8.4956
0.015088,0,0,0,8.4899
0.015088,0,0,0,8.5086
0.015088,0,0,0,8.5081
0.015088,0,0,0,8.5083
0.015088,0,0,0,8.4991
0.015088,0,0,0,8.4921
0.015088,0,0,0,8.4962
0.015088,0,0,0,8.4964
0.015088,0,0,0,8.5046
0.015088,0,0,0,8.4945
0.015088,0,0,0,8.4946
0.015088,0,0,0,8.4949
0.015088,0.0015354,0,0,8.4935
0.015088,0,0,0.040528,8.482
0.015088,0,0,0.040528,8.5006
0.015088,0.0023889,0.038474,0.12688,8.4809
0.015088,0.0024395,0,0,8.483
0.015088,0.0024395,0,0,8.4972
0.015088,0.0024395,0,0,8.4834
0.015088,0.0024395,0,0,8.4999
0.015088,0.0024395,0,0,8.4979
0.015088,0.004695,0,0,8.4851
0.015088,0.004695,0,0,8.4961
0.015088,0.0014747,0,0,8.4769
0.015088,0.00084512,0.014208,0.0077905,8.4973
0.015088,0.00084512,0.014208,0.0077905,8.5023
0.015088,0,0,0,8.4938
0.015088,0,0,0,8.5045
0.015088,0,0,0,8.4904
0.015088,0,0,0,8.4942
0.015088,0,0,0,8.4899
0.015088,0.00072198,0.043381,0.063983,8.4904
0.015088,0.00072198,0.043381,0.063983,8.4858
0.015088,0.00072198,0.043381,0.063983,8.4953
0.015088,0.00072198,0.043381,0.063983,8.4847
0.015088,0.00072198,0.043381,0.063983,8.4958
0.015088,0.00072198,0.043381,0.063983,8.495
0.015088,0.00072198,0.043381,0.063983,8.4928
0.015088,0.00072198,0.043381,0.063983,8.4904
0.015088,0.00072198,0.043381,0.063983,8.5025
0.015088,0.00072198,0.043381,0.063983,8.504
0.015088,0,0,0.021836,8.4951
0.015088,0,0,0.021836,8.5011
0.015088,0,0,0.021836,8.4989
0.015088,0,0,0,8.4918
0.015088,0,0,0,8.4899
0.015088,0,0,0,8.5057
0.015088,9.2751e-05,0,0,8.4819
0.015088,9.2751e-05,0,0,8.4947
0.015088,9.2751e-05,0,0,8.5007
0.015088,0.0033277,0,0,8.4928
0.015088,0.0059,0.040417,0.12171,8.4614
0.015088,0.0059,0.040417,0.12171,8.4818
0.015088,0.0019744,0.030421,0.22165,8.4851
0.015088,0.0010832,0,0.1379,8.4777
0.015088,0.0010832,0,0.1379,8.4972
0.015088,0.0018253,0,0,8.4805
0.015088,0.0018253,0,0,8.4993
0.015088,0.0018253,0,0,8.5021
0.015088,0.0018253,0,0,8.5009
0.015088,0.0018253,0,0,8.4814
0.015088,0.0018253,0,0,8.4927
0.015088,0.0018253,0,0,8.4945
0.015088,0,0,0,8.4768
0.015088,0,0,0,8.4849
0.015088,0,0,0,8.4964
0.015088,0,0,0,8.5042
0.015088,0,0,0,8.5054
0.015088,0,0,0,8.5009
0.015088,0,0,0,8.5073
0.015088,0,0,0,8.4996
0.015088,0,0,0,8.5039
0.015088,0,0,0,8.4984
0.015088,0,0,0,8.4874
0.015088,0,0,0,8.4903
0.015088,0,0,0,8.5079
0.015088,0,0,0,8.4966
0.015088,0,0,0,8.5018
0.015088,0,0,0,8.4991
0.015088,0,0,0,8.4951
0.015088,0,0,0,8.5055
0.015088,0,0,0,8.4986
0.015088,0,0,0,8.4916
0.015088,0,0,0,8.5031
0.015088,0,0,0,8.4896
0.015088,0,0,0.12165,8.4998
0.015088,0,0,0.12165,8.4985
0.015088,0,0,0.12165,8.4895
0.015088,0,0,0.12165,8.4957
0.015088,0,0,0.12165,8.49
0.015088,0,0,0.018393,8.4832
0.015088,0,0,0.018393,8.4874
0.015088,0,0,0.018393,8.4953
0.015088,3.4922e-05,0,0,8.4925
0.015088,3.4922e-05,0,0,8.5054
0.015088,3.4922e-05,0,0,8.4986
0.015088,3.4922e-05,0,0,8.5044
0.015088,3.4922e-05,0,0,8.4875
0.015088,3.4922e-05,0,0,8.5047
0.015088,0,0,0.010089,8.5
0.015088,0,0,0.010089,8.498
0.015088,0,0,0.010089,8.4999
0.015088,0,0,0.010089,8.4956
0.015088,0,0,0.010089,8.5005
0.015088,0,0,0.38552,8.4807
0.015088,0,0,0,8.4791
0.015088,0,0,0,8.497
0.015088,0,0,0,8.5037
0.015088,0,0,0,8.4935
0.015088,0,0,0,8.5013
0.015088,0,0,0,8.4958
0.015088,0,0,0,8.4992
0.015088,0,0,0,8.5063
0.015088,0,0,0,8.5063
0.015088,0,0,0,8.4877
0.015088,0,0,0,8.5043
0.015088,0,0,0,8.4789
0.015088,0,0,0.010316,8.4997
0.015088,0,0,0.010316,8.5036
0.015088,0,0,0.010316,8.4944
0.015088,0.00040537,0.1508,0.040427,8.502
0.015088,0.0039276,0,0,8.4681
0.015088,0.0039276,0,0,8.4856
0.015088,0.0052665,0.041252,0.014452,8.4933
0.015088,0.0052665,0.041252,0.014452,8.4997
0.015088,0.0052665,0.041252,0.014452,8.482
0.015088,0.0052665,0.041252,0.014452,8.4972
0.015088,0,0,0.15341,8.4781
0.015088,0,0,0,8.491
0.015088,0,0,0,8.4953
0.015088,0,0,0,8.4944
0.015088,0,0,0,8.496
0.015088,0,0,0,8.5035
0.015088,0.00072869,0,0,8.4983
0.015088,0,0,0.02919,8.5057
0.015088,0,0,0.02919,8.496
0.015088,0,0,0.02919,8.5021
0.015088,0,0,0,8.489
0.015088,0,0,0,8.5009
0.015088,0,0,0,8.4969
0.015088,0,0,0,8.5036
0.015088,0,0,0,8.5032
0.015088,0,0,0,8.4945
0.015088,0,0,0.091376,8.4924
0.015088,0,0,0.091376,8.4918
0.015088,0,0,0.091376,8.4869
0.015088,0,0,0.091376,8.4991
0.015088,0.00018476,0,0,8.4982
0.015088,0,0,0.21473,8.479
0.015088,0,0,0.21473,8.4877
0.015088,0,0,0.21473,8.495
0.015088,0,0,0,8.4812
0.015088,0,0,0,8.5059
0.015088,0,0,0,8.4872
0.015088,0,0,0,8.5085
0.015088,0,0,0,8.4972
0.015088,0,0,0,8.4947
0.015088,0,0,0,8.506
0.015088,0,0,0,8.4969
0.015088,0,0,0,8.5041
0.015088,0,0,0,8.4815
0.015088,0,0,0,8.4997
0.015088,0,0,0,8.4819
0.015088,0,0,0.23419,8.4912
0.015088,0,0,0.23419,8.4924
0.015088,0.0021397,0,0,8.4955
0.015088,0,0,0,8.4912
0.015088,0,0,0,8.4944
0.015088,0,0,0,8.5018
0.015088,0,0,0,8.5039
0.015088,0,0,0,8.498
0.015088,0,0,0,8.4931
0.015088,0,0,0,8.5041
0.015088,0,0,0,8.5006
0.015088,0,0,0,8.4995
0.015088,0,0,0,8.4992
0.015088,0,0,0,8.4976
0.015088,0,0,0,8.4978
0.015088,0,0,0,8.4973
0.015088,0,0,0,8.5011
0.015088,0,0,0.18895,8.485
0.015088,0,0,0.18895,8.4952
0.015088,0,0,0.10279,8.4819
0.015088,0,0,0,8.487
0.015088,0,0,0,8.5024
0.015088,0,0,0,8.501
0.015088,0,0,0,8.5013
0.015088,0,0,0,8.503
0.015088,0.0034296,0,0.26276,8.482
0.015088,0.0019957,0,0.16838,8.4854
0.015088,0.0019957,0,0.16838,8.4967
0.015088,0.0019957,0,0.16838,8.4871
0.015088,0.0039635,0,0,8.4923
0.015088,0.0039635,0,0,8.4984
0.015088,0.0039635,0,0,8.4949
0.015088,0.0039635,0,0,8.4889
0.015088,0.0039635,0,0,8.4993
0.015088,0.0039635,0,0,8.4961
0.015088,0.0024977,0,0,8.4838
0.015088,0.0024977,0,0,8.4992
0.015088,0.0024977,0,0,8.5008
0.015088,0.0024977,0,0,8.5035
0.015088,0,0,0,8.4893
0.015088,0,0,0,8.5008
0.015088,0,0,0,8.4921
0.015088,0,0,0,8.5068
0.015088,0,0,0,8.5053
0.015088,0,0,0,8.5083
0.015088,0,0,0,8.4962
0.015088,0,0,0,8.5055
0.015088,0,0,0,8.4979
0.015088,0,0,0,8.4875
0.015088,0,0,0,8.4828
0.015088,0,0,0,8.5035
0.015088,0,0,0,8.5064
0.015088,0.00058591,0,0,8.4958
0.015088,0.00058591,0,0,8.4932
0.015088,0.00058591,0,0,8.5021
0.015088,0.0013829,0,0,8.4879
0.015088,0.0013829,0,0,8.5006
0.015088,0,0,0,8.5031
0.015088,0,0,0,8.4977
0.015088,0,0,0,8.5003
0.015088,0,0,0,8.4994
0.015088,0,0,0,8.4909
0.015088,0,0,0,8.4875
0.015088,0,0,0,8.5002
0.015088,0,0,0,8.4922
0.015088,0,0,0,8.5044
0.015088,0.0019822,0,0,8.4968
0.015088,0.0019822,0,0,8.5007
0.015088,0.00047844,0,0,8.4925
0.015088,0.00047844,0,0,8.5073
0.015088,0.00047844,0,0,8.4964
0.015088,0.0058057,0.13239,0.013509,8.4858
0.015088,0.0058057,0.13239,0.013509,8.4904
0.015088,0.0058057,0.13239,0.013509,8.4902
0.015088,0.0085105,0.11998,0.078567,8.4822
0.015088,0.0085105,0.11998,0.078567,8.4868
0.015088,0.0085105,0.11998,0.078567,8.4811
0.015088,0.0072516,0,0,8.4764
0.015088,0.0021885,0,0,8.4765
0.015088,0.0021885,0,0,8.499
0.015088,0.0021885,0,0,8.4854
0.015088,0.0021885,0,0,8.4988
0.015088,0.0021885,0,0,8.497
0.015088,0.0021885,0,0,8.4946
0.015088,0.0044967,0,0.096846,8.4908
0.015088,0.0044781,0,0,8.4796
0.015088,0.0044781,0,0,8.4983
0.015088,0.0044781,0,0,8.4987
0.015088,0.0044781,0,0,8.4957
0.015088,0.0044781,0,0,8.4969
0.015088,0.002931,0.044612,0.16286,8.4866
0.015088,0.002931,0.044612,0.16286,8.4899
0.015088,0.002931,0.044612,0.16286,8.4919
0.015088,0.002931,0.044612,0.16286,8.4885
0.015088,0.002931,0.044612,0.16286,8.4892
0.015088,0.002931,0.044612,0.16286,8.4956
0.015088,0.002931,0.044612,0.16286,8.4795
0.015088,0.002931,0.044612,0.16286,8.4946
0.015088,0.002931,0.044612,0.16286,8.4848
0.015088,0.0018956,0.12984,0.039932,8.4878
0.015088,0.0015006,0.064241,0.36936,8.4804
0.015088,0.0076732,0.011453,0.23172,8.4658
0.015088,0.0052766,0,0,8.4668
0.015088,0.0052766,0,0,8.4869
0.015088,0.0041571,0,0,8.4834
0.015088,0.0040292,0,0,8.4845
0.015088,0,0,0,8.491
0.015088,0.0002034,0,0,8.498
0.015088,0.0002034,0,0,8.4998
0.015088,0.001044,0,0,8.4998
0.015088,0,0,0.01361,8.4927
0.015088,0,0,0.01361,8.4923
0.015088,0,0,0.01361,8.4842
0.015088,0,0,0,8.4959
0.015088,0,0,0,8.503
0.015088,0,0,0,8.5052
0.015088,0,0,0,8.5015
0.015088,0,0,0,8.4876
0.015088,0.00077238,0,0,8.4916
0.015088,0.00077238,0,0,8.5041
0.015088,0.00077238,0,0,8.5029
0.015088,0.00077238,0,0,8.5008
0.015088,0,0,0,8.4841
0.015088,0,0,0,8.4999
0.015088,0,0,0,8.5065
0.015088,0,0,0,8.5028
0.015088,0,0,0,8.5034
0.015088,0,0,0,8.4931
0.015088,0.0050656,0.084091,0.16965,8.4781
0.015088,0.0042916,0,0,8.479
0.015088,0.0036504,0,0,8.4926
0.015088,0.0036504,0,0,8.4986
0.015088,0.0036504,0,0,8.4917
0.015088,0.0036504,0,0,8.4869
0.015088,0.0036504,0,0,8.488
0.015088,0.0036504,0,0,8.4946
0.015088,0.0036504,0,0,8.486
0.015088,0.0036504,0,0,8.4988
0.015088,0.0036504,0,0,8.4983
0.015088,0.0036504,0,0,8.4902
0.015088,0.0036504,0,0,8.4976
0.015088,0.005143,0,0,8.4847
0.015088,0.005143,0,0,8.4867
0.015088,0.0003519,0,0,8.4812
0.015088,0.0003519,0,0,8.5053
0.015088,0.0003519,0,0,8.5025
0.015088,0.0003519,0,0,8.5036
0.015088,0.0003519,0,0,8.5051
0.015088,0.0003519,0,0,8.5064
0.015088,0.0003519,0,0,8.4955
0.015088,0.0003519,0,0,8.4997
0.015088,0.0003519,0,0,8.5096
0.015088,0.0003519,0,0,8.4952
0.015088,0.0003519,0,0,8.502
0.015088,0.0003519,0,0,8.4964
0.015088,0.0003519,0,0,8.4876
0.015088,0.0003519,0,0,8.5058
0.015088,0.0003519,0,0,8.4926
0.015088,0.0015451,0,0,8.4738
0.015088,0.0015451,0,0,8.5024
0.015088,0.0015451,0,0,8.4996
0.015088,0.0015451,0,0,8.5043
0.015088,0.0020911,0,0,8.4892
0.015088,0.00048748,0,0,8.4955
0.015088,0.00048748,0,0,8.4988
0.015088,0.00048748,0,0,8.4965
0.015088,0.00048748,0,0,8.5048
0.015088,0.00048748,0,0,8.5055
0.015088,0.00048748,0,0,8.5068
0.015088,0.00048748,0,0,8.5051
0.015088,0.00043433,0,0,8.4903
0.015088,0.00043433,0,0,8.5079
0.015088,0.00043433,0,0,8.5012
0.015088,0.00043433,0,0,8.501
0.015088,9.7181e-05,0,0,8.4924
0.015088,9.7181e-05,0,0,8.5006
0.015088,0.00098234,0,0,8.4976
0.015088,0.0012499,0,0,8.4863
0.015088,0,0,0,8.5045
0.015088,0,0,0,8.5028
0.015088,0,0,0,8.5036
0.015088,0,0,0,8.4964
0.015088,0.004006,0,0,8.473
0.015088,0,0,0,8.4884
0.015088,0,0,0.087533,8.4937
0.015088,0,0,0.087533,8.4937
0.015088,0,0,0.1374,8.4959
0.015088,0,0,0.1374,8.5
0.015088,0,0,0.1374,8.5013
0.015088,0,0,0,8.4969
0.015088,0,0,0,8.5025
0.015088,0,0,0,8.4896
0.015088,0,0,0,8.4993
0.015088,0,0,0,8.5073
0.015088,0,0,0,8.507
0.015088,0,0,0,8.5064
0.015088,0,0,0,8.5025
0.015088,0,0,0,8.4954
0.015088,0,0,0,8.494
0.015088,0,0,0,8.5035
0.015088,0,0,0,8.5033
0.015088,0,0,0,8.5103
0.015088,0.00241,0,0,8.4961
0.015088,0.00241,0,0,8.5003
0.015088,0.00241,0,0,8.4997
0.015088,0.00241,0,0,8.5018
0.015088,0.00241,0,0,8.4914
0.015088,0.00241,0,0,8.4902
0.015088,0.0075665,0.11433,0.066696,8.4861
0.015088,0.0075665,0.11433,0.066696,8.4749
0.015088,0.0075665,0.11433,0.066696,8.4733
0.015088,0.011032,0.047028,0.16318,8.466
0.015088,0.011032,0.047028,0.16318,8.4726
0.015088,0.011032,0.047028,0.16318,8.4775
0.015088,0.011032,0.047028,0.16318,8.4694
0.015088,0.011032,0.047028,0.16318,8.4679
0.015088,0.011417,0,0.095104,8.4728
0.015088,0.011417,0,0.095104,8.4747
0.015088,0.01039,0,0,8.4751
0.015088,0.0077327,0,0.024323,8.4802
0.015088,0.0077327,0,0.024323,8.4855
0.015088,0.0077327,0,0.024323,8.4833
0.015088,0.0065161,0,0.20305,8.4781
0.015088,0.0068425,0,0.14029,8.4768
0.015088,0.0068425,0,0.14029,8.4751
0.015088,0.0092861,0,0,8.4659
0.015088,0.0092861,0,0,8.482
0.015088,0.0092861,0,0,8.4883
0.015088,0.0092861,0,0,8.4838
0.015088,0.0092861,0,0,8.4878
0.015088,0.0092861,0,0,8.4881
0.015088,0.0016811,0,0,8.4826
0.015088,0.0016811,0,0,8.4993
0.015088,0.0016811,0,0,8.4985
0.015088,0.0016811,0,0,8.4925
0.015088,0.0020673,0,0,8.498
0.015088,0,0,0,8.4997
0.015088,0,0,0,8.4986
0.015088,0,0,0.16956,8.488
0.015088,0,0,0.16956,8.4974
0.015088,0,0,0.16956,8.4915
0.015088,0,0,0,8.4864
0.015088,0,0,0,8.4907
0.015088,0,0,0,8.4905
0.015088,0,0,0,8.5039
0.015088,0,0,0,8.4988
0.015088,0,0,0,8.4958
0.015088,0,0,0,8.4992
0.015088,0.0050324,0,0.097731,8.4864
0.015088,0.0050324,0,0.097731,8.4935
0.015088,0.0050324,0,0.097731,8.4885
0.015088,0.0050324,0,0.097731,8.4903
0.015088,0.0050324,0,0.097731,8.4803
0.015088,0.00058276,0,0,8.4837
0.015088,0.00058276,0,0,8.4959
0.015088,0.00058276,0,0,8.5036
0.015088,0.00058276,0,0,8.4999
0.015088,0.00058276,0,0,8.4952
0.015088,0,0,0,8.4931
0.015088,0.00025636,0,0,8.4875
0.015088,0,0,0,8.4912
0.015088,0,0,0.23275,8.4868
0.015088,0,0,0.23275,8.494
0.015088,0,0,0.35241,8.4734
0.015088,0,0,0.35853,8.4805
0.015088,0.0057029,0.026729,0.28152,8.4661
0.015088,0.0057029,0.026729,0.28152,8.4792
0.015088,0.0057029,0.026729,0.28152,8.4713
0.015088,0.0057029,0.026729,0.28152,8.4845
0.015088,0.0057029,0.026729,0.28152,8.4782
0.015088,0.0057029,0.026729,0.28152,8.4825
0.015088,0.0057029,0.026729,0.28152,8.4708
0.015088,0.0057029,0.026729,0.28152,8.4788
0.015088,0.0057029,0.026729,0.28152,8.4745
0.015088,0.0043831,0.16005,0.13247,8.48
0.015088,0.0043831,0.16005,0.13247,8.4929
0.015088,0.0039779,0.027862,0.057244,8.4868
0.015088,0.0039779,0.027862,0.057244,8.4785
0.015088,0.0039779,0.027862,0.057244,8.4926
0.015088,0.0039779,0.027862,0.057244,8.4986
0.015088,0.0039779,0.027862,0.057244,8.4908
0.015088,0.0039779,0.027862,0.057244,8.497
0.015088,0.0039779,0.027862,0.057244,8.472
0.015088,0.0039779,0.027862,0.057244,8.4921
0.015088,0,0,0.013229,8.4775
0.015088,0,0,0.013229,8.4983
0.015088,0,0,0.013229,8.4976
0.015088,0,0,0.013229,8.5011
0.015088,0,0,0.013229,8.5026
0.015088,0,0,0.013229,8.4978
0.015088,0,0,0.013229,8.5012
0.015088,0,0,0.013229,8.4928
0.015088,0,0,0.013229,8.5057
0.015088,0,0,0,8.4972
0.015088,6.8975e-05,0,0,8.4861
0.015088,0,0,0,8.4805
0.015088,0,0,0.0049834,8.5004
0.015088,0,0,0.11521,8.4859
0.015088,0,0,0.11521,8.4979
0.015088,0,0,0.11521,8.4928
0.015088,0,0,0.11521,8.5004
0.015088,0,0,0.11521,8.4805
0.015088,0,0,0.11521,8.4919
0.015088,0,0,0.11521,8.4995
0.015088,0,0,0.11521,8.4951
0.015088,0,0,0.27581,8.4848
0.015088,0.0067623,0.10457,0.034482,8.4737
0.015088,0.0067623,0.10457,0.034482,8.4798
0.015088,0.0067623,0.10457,0.034482,8.4829
0.015088,0.0071117,0,0,8.4865
0.015088,0.0054038,0,0,8.4894
0.015088,0.0042744,0,0,8.4912
0.015088,0.0042744,0,0,8.5003
0.015088,0.0042744,0,0,8.4999
0.015088,0.0042744,0,0,8.4834
0.015088,0,0,0,8.4802
0.015088,0,0,0,8.4896
0.015088,0,0,0,8.5074
0.015088,0,0,0,8.5037
0.015088,0,0,0,8.5052
0.015088,0,0,0,8.5021
0.015088,0,0,0,8.4965
0.015088,0,0,0,8.5002
0.015088,0,0,0,8.4943
0.015088,0,0,0.17036,8.4898
0.015088,0,0,0.17036,8.4975
0.015088,0,0,0.12203,8.4798
0.015088,0,0,0.12203,8.4952
0.015088,0,0,0.18718,8.4991
0.015088,0,0,0.18718,8.4966
0.015088,0.0026943,0.064346,0.044891,8.4933
0.015088,0.0026943,0.064346,0.044891,8.4989
0.015088,0.0038139,0,0,8.4837
0.015088,0.0029422,0.025672,0.090203,8.4867
0.015088,0.0029422,0.025672,0.090203,8.4962
0.015088,0.0047854,0,0,8.4838
0.015088,0.0050808,0.022167,0.11608,8.4704
0.015088,0.0050808,0.022167,0.11608,8.4842
0.015088,0.0050808,0.022167,0.11608,8.4789
0.015088,0,0,0.21814,8.4852
0.015088,0,0,0.21814,8.4947
0.015088,0,0,0.21814,8.4922
0.015088,0,0,0.22037,8.4835
0.015088,0.0043514,0,0,8.4811
0.015088,0.0043514,0,0,8.4893
0.015088,0.0053797,0,0,8.4844
0.015088,0.0052788,0,0.16625,8.4796
0.015088,0.0052788,0,0.16625,8.4843
0.015088,0.0052788,0,0.16625,8.4869
0.015088,0.0033688,0,0,8.4815
0.015088,0.0033688,0,0,8.4981
0.015088,0.0033688,0,0,8.4885
0.015088,0.0033688,0,0,8.5011
0.015088,0.003744,0.02393,0.052694,8.4868
0.015088,0.003744,0.02393,0.052694,8.495
0.015088,0.003744,0.02393,0.052694,8.4897
0.015088,0.003744,0.02393,0.052694,8.4925
0.015088,0.003744,0.02393,0.052694,8.5001
0.015088,0.003744,0.02393,0.052694,8.4954
0.015088,0,0,0.049051,8.4934
0.015088,0,0,0.049051,8.4959
0.015088,0,0,0,8.5005
0.015088,0.0024725,0.16226,0.10946,8.486
0.015088,0.0024725,0.16226,0.10946,8.496
0.015088,0.0024725,0.16226,0.10946,8.4986
0.015088,0.0024725,0.16226,0.10946,8.4875
0.015088,0.0024725,0.16226,0.10946,8.4812
0.015088,0.0024725,0.16226,0.10946,8.4927
0.015088,0,0,0,8.4967
0.015088,0.00058908,0,0,8.4944
0.015088,0.00058908,0,0,8.5015
0.015088,0.00058908,0,0,8.4968
0.015088,0.0030099,0,0,8.497
0.015088,0.0021206,0.036829,0.083822,8.4811
0.015088,0.0021206,0.036829,0.083822,8.4924
0.015088,0,0,0.071719,8.4774
0.015088,0,0,0.071719,8.495
0.015088,0,0,0.071719,8.4953
0.015088,0,0,0.071719,8.4871
0.015088,0,0,0.071719,8.4972
0.015088,0,0,0,8.4981
0.015088,0,0,0,8.4948
0.015088,0,0,0,8.4967
0.015088,0,0,0,8.4962
0.015088,0,0,0,8.4975
0.015088,0,0,0,8.4949
0.015088,0,0,0,8.5068
0.015088,0,0,0.060434,8.4977
0.015088,0,0,0.060434,8.5025
0.015088,0,0,0.060434,8.4991
0.015088,0,0,0.060434,8.5004
0.015088,0,0,0.10155,8.4961
0.015088,1.5351e-05,0.05519,0.046535,8.4861
0.015088,1.5351e-05,0.05519,0.046535,8.4852
0.015088,1.5351e-05,0.05519,0.046535,8.4915
0.015088,1.5351e-05,0.05519,0.046535,8.5038
0.015088,1.5351e-05,0.05519,0.046535,8.5045
0.015088,1.5351e-05,0.05519,0.046535,8.482
0.015088,1.5351e-05,0.05519,0.046535,8.5003
0.015088,0,0,0.1647,8.4725
0.015088,4.6398e-06,0,0,8.4822
0.015088,4.6398e-06,0,0,8.5003
0.015088,4.6398e-06,0,0,8.492
0.015088,0,0,0,8.5002
0.015088,0,0,0.054999,8.4872
0.015088,0,0,0.054999,8.4888
0.015088,0,0,0.054999,8.5017
0.015088,0,0,0.054999,8.4996
0.015088,0,0,0.054999,8.4949
0.015088,0,0,0.054999,8.4959
0.015088,0,0,0.054999,8.4936
0.015088,0,0,0.054999,8.4963
0.015088,0,0,0.054999,8.502
0.015088,0,0,0.054999,8.4948
0.015088,0,0,0,8.4892
0.015088,0,0,0,8.5025
0.015088,0,0,0,8.5059
0.015088,0,0,0,8.4991
0.015088,0,0,0,8.5021
0.015088,0.0079286,0,0,8.4817
0.015088,0.0027801,0,0,8.479
0.015088,0.0027801,0,0,8.498
0.015088,0.0027801,0,0,8.497
0.015088,0.0027801,0,0,8.4843
0.015088,0.0044261,0,0.031526,8.479
0.015088,0.0044261,0,0.031526,8.4933
0.015088,0.0044261,0,0.031526,8.4941
0.015088,0.0019533,0,0.11365,8.4766
0.015088,0.003297,0,0,8.4949
0.015088,0.0065184,0.08913,0.020511,8.4845
0.015088,0.0065184,0.08913,0.020511,8.4943
0.015088,0.0065184,0.08913,0.020511,8.4941
0.015088,0.0028871,0,0,8.4826
0.015088,0.0028871,0,0,8.4881
0.015088,0.0028871,0,0,8.5011
0.015088,0,0,0.0036025,8.484
0.015088,0,0,0,8.4886
0.015088,0,0,0,8.4989
0.015088,0,0,0,8.4889
0.015088,0,0,0,8.5071
0.015088,0,0,0,8.5029
0.015088,0,0,0,8.507
0.015088,0,0,0,8.5044
0.015088,0,0,0,8.4973
0.015088,0,0,0,8.5052
0.015088,0,0,0,8.5051
0.015088,0,0,0,8.4942
0.015088,0,0,0,8.4985
0.015088,0.0016686,0,0,8.4993
0.015088,0.0016686,0,0,8.4987
0.015088,0.0038634,0,0,8.4858
0.015088,0.0031782,0,0,8.4836
0.015088,0.0031782,0,0,8.4925
0.015088,0.00029048,0,0,8.4977
0.015088,0.00029048,0,0,8.5064
0.015088,0,0,0,8.5021
0.015088,0.0014145,0,0,8.4944
0.015088,0.0014145,0,0,8.4938
0.015088,1.7001e-06,0.01903,0.13791,8.4798
0.015088,0,0,0.099592,8.4826
0.015088,0,0,0.099592,8.5023
0.015088,0,0,0.099592,8.4923
0.015088,0,0,0.099592,8.5019
0.015088,0.0011736,0,0.12368,8.4938
0.015088,0.0011736,0,0.12368,8.4877
0.015088,0.002107,0,0,8.4898
0.015088,0.002107,0,0,8.4911
0.015088,0.002107,0,0,8.4993
0.015088,0.002107,0,0,8.4838
0.015088,0.002107,0,0,8.4853
0.015088,0.002107,0,0,8.4988
0.015088,0.002107,0,0,8.4837
0.015088,0.002107,0,0,8.4933
0.015088,0.002107,0,0,8.4964
0.015088,0.002107,0,0,8.4991
0.015088,0.002107,0,0,8.4923
0.015088,0.002107,0,0,8.4995
0.015088,0.002107,0,0,8.483
0.015088,0,0,0,8.4738
0.015088,0,0,0,8.496
0.015088,0,0,0,8.4972
0.015088,0,0,0,8.4895
0.015088,0,0,0,8.5028
0.015088,0,0,0,8.4996
0.015088,0,0,0,8.5003
0.015088,0,0,0,8.4967
0.015088,0.0051457,0,0,8.4927
0.015088,0.0051457,0,0,8.4893
0.015088,0.0024227,0,0,8.4781
0.015088,0.0024227,0,0,8.498
0.015088,0.00027419,0,0,8.4753
0.015088,0.0014507,0,0,8.4965
0.015088,0.0071476,0,0,8.4845
0.015088,0.0071476,0,0,8.4839
0.015088,0.0011459,0.0010756,0.17672,8.4911
0.015088,0.0011459,0.0010756,0.17672,8.488
0.015088,0.0015325,0,0.20004,8.4864
0.015088,0.0015325,0,0.20004,8.4924
0.015088,0.0015325,0,0.20004,8.4782
0.015088,0,0,0,8.4913
0.015088,0,0,0,8.505
0.015088,0,0,0,8.4953
0.015088,0,0,0.2021,8.4812
0.015088,0,0,0.2021,8.4874
0.015088,0,0,0.2021,8.4946
0.015088,0,0,0.14131,8.4898
0.015088,0,0,0.14131,8.4857
0.015088,0,0,0.14131,8.497
0.015088,0,0,0,8.4961
0.015088,0,0,0,8.4978
0.015088,0,0,0,8.4983
0.015088,0,0,0,8.4888
0.015088,0,0,0,8.4948
0.015088,0,0,0,8.4941
0.015088,0,0,0,8.5025
0.015088,0,0,0,8.4904
0.015088,0,0,0,8.5005
0.015088,0,0,0,8.4969
0.015088,0,0,0,8.4932
0.015088,0,0,0,8.4945
0.015088,0,0,0,8.5012
0.015088,0,0,0,8.4976
0.015088,0,0,0,8.5039
0.015088,0.0028915,0,0.0037085,8.492
0.015088,0.0039857,0,0,8.4954
0.015088,0.004517,0,0,8.4841
0.015088,0.0026705,0,0,8.4984
0.015088,0.0026705,0,0,8.5011
0.015088,0.0033573,0,0,8.4881
0.015088,0.0033573,0,0,8.4874
0.015088,0.0033573,0,0,8.4977
0.015088,0.0053557,0,0,8.464
0.015088,0.0022954,0,0,8.4899
0.015088,0.0022954,0,0,8.5009
0.015088,0,0,0,8.4908
0.015088,0,0,0.2296,8.4851
0.015088,0.00019346,0,0.050106,8.4684
0.015088,0.00072381,0,0,8.4946
0.015088,0.00072381,0,0,8.504
0.015088,0,0,0,8.4992
0.015088,0,0,0,8.4942
0.015088,0,0,0,8.4858
0.015088,0,0,0,8.5014
0.015088,0,0,0,8.4876
0.015088,0,0,0,8.4999
0.015088,0,0,0,8.4943
0.015088,0,0,0,8.4944
0.015088,0,0,0,8.4965
0.015088,0.00053653,0,0,8.5027
0.015088,0.00053653,0,0,8.5017
0.015088,0.001351,0,0.027628,8.4978
0.015088,0.001351,0,0.027628,8.4952
0.015088,0.001351,0,0.027628,8.4964
0.015088,0.001351,0,0.027628,8.5025
0.015088,0.001351,0,0.027628,8.4999
0.015088,0.001351,0,0.027628,8.489
0.015088,0.0040072,0,0.042011,8.4843
0.015088,0.0040072,0,0.042011,8.4979
0.015088,0.0040072,0,0.042011,8.495
0.015088,0.0040072,0,0.042011,8.4939
0.015088,0,0,0,8.4852
0.015088,0,0,0,8.5025
0.015088,0,0,0,8.5
0.015088,0,0,0,8.4972
0.015088,0,0,0,8.4957
0.015088,0,0,0,8.5014
0.015088,0,0,0,8.4995
0.015088,0,0,0,8.4973
0.015088,0,0,0,8.5004
0.015088,0,0,0,8.5057
0.015088,0,0,0,8.4993
0.015088,0,0,0,8.4912
0.015088,0.0048581,0,0,8.4857
0.015088,0.002561,0,0,8.4591
0.015088,0.002561,0,0,8.4944
0.015088,0.0010105,0,0,8.4927
0.015088,0.0018604,0,0,8.479
0.015088,0.00030079,0,0,8.4882
0.015088,0.00016807,0,0,8.4928
0.015088,0,0,0.14473,8.4914
0.015088,0,0,0.14473,8.499
0.015088,0.0019491,0,0.046301,8.4954
0.015088,0,0,0,8.5013
0.015088,0,0,0,8.4983
0.015088,0,0,0,8.501
0.015088,0,0,0,8.4985
0.015088,0,0,0,8.4921
0.015088,0,0,0,8.4953
0.015088,0,0,0,8.4994
0.015088,0,0,0,8.4864
0.015088,0,0,0,8.5043
0.015088,0,0,0,8.4903
0.015088,0.0023406,0,0,8.4907
0.015088,0,0,0,8.491
0.015088,0,0,0,8.4979
0.015088,0,0,0,8.4942
0.015088,0.0010448,0,0,8.4925
0.015088,0,0,0,8.4934
0.015088,0,0,0,8.5083
0.015088,0,0,0,8.4941
0.015088,0,0,0,8.4904
0.015088,0,0,0,8.507
0.015088,0,0,0,8.5029
0.015088,0,0,0,8.5051
0.015088,0.0030931,0,0,8.5002
0.015088,0.0030931,0,0,8.4931
0.015088,0.0030931,0,0,8.498
0.015088,0.0030931,0,0,8.4859
0.015088,0.001256,0,0,8.485
0.015088,0.00017729,0,0.090474,8.4888
0.015088,0.00017729,0,0.090474,8.4958
0.015088,0.00017729,0,0.090474,8.4938
0.015088,0.00017729,0,0.090474,8.4921
0.015088,0.00017729,0,0.090474,8.4915
0.015088,0.00017729,0,0.090474,8.4829
0.015088,0.00017729,0,0.090474,8.4998
0.015088,0.00017729,0,0.090474,8.5001
0.015088,0.00017729,0,0.090474,8.4984
0.015088,0,0,0.031964,8.4858
0.015088,0,0,0.031964,8.4978
0.015088,0,0,0.031964,8.5091
0.015088,0,0,0.031964,8.5021
0.015088,0.00077932,0,0,8.4848
0.015088,0.00077932,0,0,8.5058
0.015088,0,0,0,8.4985
0.015088,0,0,0,8.504
0.015088,0,0,0,8.5066
0.015088,0.0023482,0,0,8.49
0.015088,0.0023482,0,0,8.5005
0.015088,0.0023482,0,0,8.4904
0.015088,0.0023482,0,0,8.5035
0.015088,0,0,0,8.4949
0.015088,0,0,0,8.4985
0.015088,0,0,0,8.5087
0.015088,0,0,0,8.5006
0.015088,0,0,0,8.5091
0.015088,0,0,0,8.4967
0.015088,0,0,0,8.4934
0.015088,0,0,0,8.4983
0.015088,0,0,0,8.5063
0.015088,0,0,0,8.4929
0.015088,0,0,0,8.499
0.015088,0,0,0,8.5046
0.015088,0.00048164,0,0,8.4895
0.015088,0,0,0.24896,8.4893
0.015088,0.0022127,0,0.15401,8.4755
0.015088,0.0022127,0,0.15401,8.4991
0.015088,0.0022127,0,0.15401,8.4913
0.015088,0,0,0.34588,8.4757
0.015088,0.00061396,0,0,8.4845
0.015088,0,0,0,8.4932
0.015088,0,0,0,8.5027
0.015088,0,0,0,8.5041
0.015088,0,0,0,8.5065
0.015088,0,0,0,8.5
0.015088,0,0,0,8.499
0.015088,0,0,0.12703,8.4946
0.015088,0,0,0,8.4794
0.015088,0,0,0,8.4962
0.015088,0,0,0,8.5077
0.015088,0,0,0,8.4942
0.015088,0,0,0,8.5037
0.015088,0,0,0,8.5055
0.015088,0,0,0,8.4948
0.015088,0,0,0,8.4996
0.015088,0,0,0,8.5002
0.015088,0,0,0,8.5039
0.015088,0,0,0,8.4957
0.015088,0.00056049,0.036359,0.089544,8.4915
0.015088,0.00056049,0.036359,0.089544,8.4894
0.015088,0.00056049,0.036359,0.089544,8.4975
0.015088,0.00056049,0.036359,0.089544,8.4926
0.015088,0.00056049,0.036359,0.089544,8.4913
0.015088,0.00056049,0.036359,0.089544,8.5024
0.015088,0.00056049,0.036359,0.089544,8.503
0.015088,0.00056049,0.036359,0.089544,8.4956
0.015088,0.00056049,0.036359,0.089544,8.5035
0.015088,0.00056049,0.036359,0.089544,8.5055
0.015088,0,0,0,8.4888
0.015088,0,0,0,8.5024
0.015088,0,0,0,8.4934
0.015088,0,0,0.087157,8.5014
0.015088,0,0,0.087157,8.4874
0.015088,0,0,0.087157,8.4947
0.015088,0,0,0.087157,8.4986
