3.8183e-05,0,0,0,7.5514
3.8183e-05,0,0,0,7.5509
3.8183e-05,0,0,0,7.551
3.8183e-05,0,0,0,7.5509
3.8183e-05,0,0,0,7.5509
3.8183e-05,0,0,0,7.5509
3.8183e-05,0,0,0,7.5509
3.8183e-05,0,0,0,7.5513
3.8183e-05,0,0,0,7.5509
3.8183e-05,0,0,0,7.5509
3.8183e-05,0,0,0,7.5509
3.8183e-05,0,0,0,7.5514
3.8183e-05,0,0,0,7.5509
3.8183e-05,0,0,0,7.5509
3.8183e-05,0,0,0,7.5509
3.8183e-05,0,0,0,7.5514
3.8183e-05,0,0,0,7.5509
3.8183e-05,0,0,0,7.5509
3.8183e-05,0,0,0,7.5512
3.8183e-05,0,0,0,7.5509
3.8183e-05,0,0,0,7.5509
3.8183e-05,0,0,0,7.5509
3.8183e-05,0,0,0,7.5509
3.8183e-05,0,0,0,7.5509
3.8183e-05,0,0,0,7.5509
3.8183e-05,0,0,0,7.5496
3.8183e-05,0,0,0,7.5509
3.8183e-05,0,0,0,7.5509
3.8183e-05,0,0,0,7.5496
3.8183e-05,0,0,0,7.5512
3.8183e-05,0,0,0,7.5509
3.8183e-05,0,0,0,7.5512
3.8183e-05,0.00064846,0,0,7.5498
3.8183e-05,0,0,0,7.5504
3.8183e-05,0,0,0,7.5515
3.8183e-05,0,0,0,7.5509
3.8183e-05,0,0,0,7.5513
3.8183e-05,0,0,0,7.5509
3.8183e-05,0,0,0,7.5496
3.8183e-05,0,0,0,7.5509
3.8183e-05,0,0,0,7.5509
3.8183e-05,0,0,0,7.5509
3.8183e-05,0,0,0,7.551
3.8183e-05,0,0,0,7.5509
3.8183e-05,0,0,0,7.5509
3.8183e-05,0,0,0,7.5509
3.8183e-05,0,0,0,7.5509
3.8183e-05,0,0,0,7.5507
3.8183e-05,0,0,0,7.5509
3.8183e-05,0,0,0,7.551
3.8183e-05,0,0,0,7.5511
3.8183e-05,0,0,0,7.5509
3.8183e-05,0,0,0,7.5509
3.8183e-05,0,0,0,7.5509
3.8183e-05,0,0,0,7.5509
3.8183e-05,0,0,0,7.5509
3.8183e-05,0,0,0,7.5509
3.8183e-05,0,0,0,7.5509
3.8183e-05,0,0,0,7.5509
3.8183e-05,0,0,0,7.5509
3.8183e-05,0,0,0,7.5509
3.8183e-05,0,0,0,7.5509
3.8183e-05,0,0,0,7.5509
3.8183e-05,0,0,0,7.5509
3.8183e-05,0,0,0,7.5509
3.8183e-05,0,0,0,7.5509
3.8183e-05,0,0,0,7.5509
3.8183e-05,0,0,0,7.5509
3.8183e-05,0,0,0,7.5509
3.8183e-05,0,0,0,7.5503
3.8183e-05,0,0,0,7.5503
3.8183e-05,0,0,0,7.5509
3.8183e-05,0,0,0,7.5509
3.8183e-05,0,0,0,7.5509
3.8183e-05,0,0,0,7.5509
3.8183e-05,0,0,0,7.5509
3.8183e-05,0,0,0,7.5501
3.8183e-05,0,0,0,7.5509
3.8183e-05,0,0,0,7.5509
3.8183e-05,0,0,0,7.5509
3.8183e-05,0,0,0,7.5509
3.8183e-05,0,0,0,7.5509
3.8183e-05,0,0,0,7.5509
3.8183e-05,0,0,0,7.5509
3.8183e-05,0,0,0,7.5509
3.8183e-05,0,0,0,7.5509
3.8183e-05,0,0,0,7.551
3.8183e-05,0,0,0,7.5509
3.8183e-05,0,0,0,7.5492
3.8183e-05,0,0,0,7.5509
3.8183e-05,0,0,0,7.551
3.8183e-05,0,0,0,7.5509
3.8183e-05,0,0,0,7.5503
3.8183e-05,0,0,0,7.5509
3.8183e-05,0,0,0,7.5509
3.8183e-05,0,0,0,7.5509
3.8183e-05,0,0,0,7.5509
3.8183e-05,0,0,0,7.5509
3.8183e-05,0,0,0,7.5508
3.8183e-05,0,0,0,7.5511
3.8183e-05,0,0,0,7.5509
3.8183e-05,0,0,0,7.5509
3.8183e-05,0,0,0,7.5509
3.8183e-05,0,0,0,7.5509
3.8183e-05,0,0,0,7.5514
3.8183e-05,0,0,0,7.5506
3.8183e-05,0,0,0,7.5509
3.8183e-05,0,0,0,7.5513
3.8183e-05,0,0,0,7.5509
3.8183e-05,0,0,0,7.5509
3.8183e-05,0,0,0,7.5509
3.8183e-05,0,0,0,7.5509
3.8183e-05,0,0,0,7.5509
3.8183e-05,0,0,0,7.5509
3.8183e-05,0,0,0,7.5509
3.8183e-05,0,0,0,7.5509
3.8183e-05,0,0,0,7.5498
3.8183e-05,0,0,0,7.5509
3.8183e-05,0,0,0,7.5509
3.8183e-05,0,0,0,7.5509
3.8183e-05,0,0,0,7.5509
3.8183e-05,0,0,0,7.5509
3.8183e-05,0,0,0,7.5509
3.8183e-05,0,0,0,7.5509
3.8183e-05,0,0,0,7.5515
3.8183e-05,0,0,0,7.5509
3.8183e-05,0,0,0,7.5509
3.8183e-05,0,0,0,7.5509
3.8183e-05,0,0,0,7.5509
3.8183e-05,0,0,0,7.5509
3.8183e-05,0,0,0,7.5509
3.8183e-05,0,0,0,7.5509
3.8183e-05,0,0,0,7.5509
3.8183e-05,0,0,0,7.5509
3.8183e-05,0,0,0,7.5509
3.8183e-05,0,0,0,7.5509
3.8183e-05,0,0,0,7.551
3.8183e-05,0,0,0,7.5509
3.8183e-05,0,0,0,7.5509
3.8183e-05,0,0,0,7.5509
3.8183e-05,0,0,0,7.5509
3.8183e-05,0,0,0,7.5513
3.8183e-05,0,0,0,7.5509
3.8183e-05,0,0,0,7.5509
3.8183e-05,0,0,0,7.5508
3.8183e-05,0,0,0,7.5509
3.8183e-05,0,0,0,7.5509
3.8183e-05,0,0,0,7.5509
3.8183e-05,0,0,0,7.5509
3.8183e-05,0,0,0,7.5509
3.8183e-05,0,0,0,7.5509
3.8183e-05,0,0,0,7.5514
3.8183e-05,0,0,0,7.5509
3.8183e-05,0,0,0,7.5509
3.8183e-05,0,0,0,7.5509
3.8183e-05,0,0,0,7.5509
3.8183e-05,0,0,0,7.5509
3.8183e-05,0,0,0,7.5499
3.8183e-05,0,0,0,7.5509
3.8183e-05,0,0,0,7.5509
3.8183e-05,0,0,0,7.5517
3.8183e-05,0,0,0,7.5509
3.8183e-05,0,0,0,7.5497
3.8183e-05,0,0,0,7.5509
3.8183e-05,0,0,0,7.5509
3.8183e-05,0,0,0,7.5509
3.8183e-05,0,0,0,7.5509
3.8183e-05,0,0,0,7.5509
3.8183e-05,0,0,0,7.5509
3.8183e-05,0,0,0,7.5509
3.8183e-05,0,0,0,7.5509
3.8183e-05,0,0,0,7.5509
3.8183e-05,0,0,0,7.5509
3.8183e-05,0,0,0,7.5509
3.8183e-05,0,0,0,7.5509
3.8183e-05,0,0,0,7.5509
3.8183e-05,0,0,0,7.5496
3.8183e-05,0,0,0,7.5509
3.8183e-05,0,0,0,7.5509
3.8183e-05,0,0,0,7.5509
3.8183e-05,0,0,0,7.551
3.8183e-05,0,0,0,7.5509
3.8183e-05,0,0,0,7.5509
3.8183e-05,0,0,0,7.5512
3.8183e-05,0,0,0,7.5509
3.8183e-05,0,0,0,7.5509
3.8183e-05,0,0,0,7.551
3.8183e-05,0,0,0,7.5509
3.8183e-05,0,0,0,7.5509
3.8183e-05,0,0,0,7.5509
3.8183e-05,0,0,0,7.5509
3.8183e-05,0,0,0,7.5509
3.8183e-05,0,0,0,7.5509
3.8183e-05,0,0,0,7.5517
3.8183e-05,0,0,0,7.5509
3.8183e-05,0,0,0,7.5509
3.8183e-05,0.00078579,0,0,7.5502
3.8183e-05,0,0,0,7.5504
3.8183e-05,0,0,0,7.5509
3.8183e-05,0,0,0,7.5509
3.8183e-05,0,0,0,7.5509
3.8183e-05,0,0,0,7.5509
3.8183e-05,0,0,0,7.5509
3.8183e-05,0,0,0,7.5512
3.8183e-05,0,0,0,7.5509
3.8183e-05,0,0,0,7.5509
3.8183e-05,0,0,0,7.5508
3.8183e-05,0,0,0,7.5509
3.8183e-05,0,0,0,7.5509
3.8183e-05,0,0,0,7.5509
3.8183e-05,0,0,0,7.5509
3.8183e-05,0,0,0,7.5506
3.8183e-05,0,0,0,7.5509
3.8183e-05,0,0,0,7.5509
3.8183e-05,0,0,0,7.5509
3.8183e-05,0,0,0,7.5509
3.8183e-05,0,0,0,7.5517
3.8183e-05,0,0,0,7.5509
3.8183e-05,0,0,0,7.5508
3.8183e-05,0,0,0,7.5501
3.8183e-05,0,0,0,7.5509
3.8183e-05,0,0,0,7.5507
3.8183e-05,0,0,0,7.5509
3.8183e-05,0,0,0,7.5509
3.8183e-05,0,0,0,7.5509
3.8183e-05,0,0,0,7.5509
3.8183e-05,0,0,0,7.5509
3.8183e-05,0,0,0,7.5509
3.8183e-05,0,0,0,7.5509
3.8183e-05,0,0,0,7.5509
3.8183e-05,0,0,0,7.5509
3.8183e-05,0,0,0,7.5509
3.8183e-05,0,0,0,7.5509
3.8183e-05,0,0,0,7.5509
3.8183e-05,0,0,0,7.5509
3.8183e-05,0,0,0,7.5509
3.8183e-05,0,0,0,7.5509
3.8183e-05,0,0,0,7.5509
3.8183e-05,0,0,0,7.5509
3.8183e-05,0,0,0,7.5496
3.8183e-05,0,0,0,7.5498
3.8183e-05,0,0,0,7.5509
3.8183e-05,0,0,0,7.5509
3.8183e-05,0,0,0,7.5509
3.8183e-05,0,0,0,7.5508
3.8183e-05,0,0,0,7.5511
3.8183e-05,0,0,0,7.5509
3.8183e-05,0,0,0,7.5509
3.8183e-05,0,0,0,7.5503
3.8183e-05,0,0,0,7.5509
3.8183e-05,0,0,0,7.5509
3.8183e-05,0,0,0,7.5509
3.8183e-05,0,0,0,7.5509
3.8183e-05,0,0,0,7.5509
3.8183e-05,0,0,0,7.5509
3.8183e-05,0,0,0,7.5509
3.8183e-05,0,0,0,7.5509
3.8183e-05,0,0,0,7.5511
3.8183e-05,0,0,0,7.5515
3.8183e-05,0,0,0,7.5509
3.8183e-05,0,0,0,7.5507
3.8183e-05,0,0,0,7.5509
3.8183e-05,0,0,0,7.5511
3.8183e-05,0,0,0,7.55
3.8183e-05,0,0,0,7.5509
3.8183e-05,0,0,0,7.5509
3.8183e-05,0,0,0,7.5509
3.8183e-05,0,0,0,7.5509
3.8183e-05,0,0,0,7.5509
3.8183e-05,0,0,0,7.5509
3.8183e-05,0,0,0,7.5509
3.8183e-05,0,0,0,7.5514
3.8183e-05,0,0,0,7.5509
3.8183e-05,0,0,0,7.5509
3.8183e-05,0,0,0,7.5509
3.8183e-05,0,0,0,7.5509
3.8183e-05,0,0,0,7.5509
3.8183e-05,0,0,0,7.5509
3.8183e-05,0,0,0,7.5509
3.8183e-05,0,0,0,7.5509
3.8183e-05,0,0,0,7.5505
3.8183e-05,0,0,0,7.5509
3.8183e-05,0,0,0,7.5509
3.8183e-05,0,0,0,7.5509
3.8183e-05,0,0,0,7.5504
3.8183e-05,0,0,0,7.5509
3.8183e-05,0,0,0,7.5509
3.8183e-05,0.00016076,0,0,7.5509
3.8183e-05,0.00016076,0,0,7.5508
3.8183e-05,0.00016076,0,0,7.5512
3.8183e-05,0.00016076,0,0,7.5508
3.8183e-05,0.00016076,0,0,7.5508
3.8183e-05,0.00016076,0,0,7.5508
3.8183e-05,0.00016076,0,0,7.5508
3.8183e-05,0.00016076,0,0,7.5508
3.8183e-05,0.00016076,0,0,7.5508
3.8183e-05,0.00016076,0,0,7.5508
3.8183e-05,0.00016076,0,0,7.5508
3.8183e-05,0.00016076,0,0,7.5508
3.8183e-05,0.00016076,0,0,7.551
3.8183e-05,0.00016076,0,0,7.5508
3.8183e-05,0,0,0,7.5508
3.8183e-05,0,0,0,7.5509
3.8183e-05,0,0,0,7.5509
3.8183e-05,0,0,0,7.5509
3.8183e-05,0,0,0,7.5509
3.8183e-05,0,0,0,7.5506
3.8183e-05,0,0,0,7.5509
3.8183e-05,0,0,0,7.5509
3.8183e-05,0,0,0,7.5509
3.8183e-05,0,0,0,7.5509
3.8183e-05,0,0,0,7.5509
3.8183e-05,0,0,0,7.5511
3.8183e-05,0.0021338,0,0,7.5503
3.8183e-05,0.0021338,0,0,7.5496
3.8183e-05,0.0021338,0,0,7.5493
3.8183e-05,0.0021338,0,0,7.5498
3.8183e-05,0.0021338,0,0,7.5493
3.8183e-05,0.0021338,0,0,7.5493
3.8183e-05,0.0021338,0,0,7.5493
3.8183e-05,0,0,0,7.5493
3.8183e-05,0,0,0,7.5509
3.8183e-05,0,0,0,7.5502
3.8183e-05,0,0,0,7.5509
3.8183e-05,0,0,0,7.5509
3.8183e-05,0,0,0,7.5509
3.8183e-05,0,0,0.03386,7.5496
3.8183e-05,0,0,0.03386,7.5496
3.8183e-05,0,0,0.03386,7.5485
3.8183e-05,0,0,0.03386,7.5496
3.8183e-05,0.0012708,0,0,7.5496
3.8183e-05,0.00095841,0,0,7.55
3.8183e-05,0.00095841,0,0,7.5502
3.8183e-05,0.00095841,0,0,7.5502
3.8183e-05,0.00095841,0,0,7.5508
3.8183e-05,0.00095841,0,0,7.55
3.8183e-05,0.00095841,0,0,7.5501
3.8183e-05,0,0,0,7.5498
3.8183e-05,0,0,0,7.5509
3.8183e-05,0,0,0,7.5509
3.8183e-05,0,0,0,7.5509
3.8183e-05,0,0,0,7.5509
3.8183e-05,0,0,0,7.5509
3.8183e-05,0,0,0,7.5509
3.8183e-05,0,0,0,7.5509
3.8183e-05,0,0,0,7.5509
3.8183e-05,0,0,0,7.5509
3.8183e-05,0,0,0,7.5509
3.8183e-05,0,0,0,7.5509
3.8183e-05,0,0,0,7.5509
3.8183e-05,0,0,0,7.5509
3.8183e-05,0,0,0,7.5509
3.8183e-05,0,0,0,7.5503
3.8183e-05,0,0,0,7.5509
3.8183e-05,0,0,0,7.5509
3.8183e-05,0,0,0,7.5509
3.8183e-05,0,0,0,7.5509
3.8183e-05,0,0,0,7.5509
3.8183e-05,0,0,0,7.5509
3.8183e-05,0,0,0,7.5509
3.8183e-05,0,0,0,7.5509
3.8183e-05,0,0,0,7.5509
3.8183e-05,0,0,0,7.5509
3.8183e-05,0,0,0,7.5496
3.8183e-05,0,0,0,7.5509
3.8183e-05,0,0,0,7.5509
3.8183e-05,0,0,0,7.5501
3.8183e-05,0,0,0,7.5509
3.8183e-05,0,0,0,7.551
3.8183e-05,0,0,0,7.5509
3.8183e-05,0,0,0,7.5509
3.8183e-05,0,0,0,7.5509
3.8183e-05,0,0,0,7.5509
3.8183e-05,0,0,0,7.5509
3.8183e-05,0,0,0,7.5513
3.8183e-05,0,0,0,7.5509
3.8183e-05,0,0,0,7.5509
3.8183e-05,0,0,0,7.5497
3.8183e-05,0,0,0,7.5509
3.8183e-05,0,0,0,7.5513
3.8183e-05,0,0,0,7.5509
3.8183e-05,0,0,0,7.5509
3.8183e-05,0,0,0,7.5509
3.8183e-05,0,0,0,7.5509
3.8183e-05,0,0,0,7.5509
3.8183e-05,0,0,0,7.5509
3.8183e-05,0,0,0,7.5509
3.8183e-05,0,0,0,7.5512
3.8183e-05,0.00029341,0,0,7.5504
3.8183e-05,0.00029341,0,0,7.5509
3.8183e-05,0.00029341,0,0,7.5507
3.8183e-05,0.00029341,0,0,7.5509
3.8183e-05,0.00029341,0,0,7.5507
3.8183e-05,0.00029341,0,0,7.5507
3.8183e-05,0.00029341,0,0,7.5507
3.8183e-05,0.00029341,0,0,7.5507
3.8183e-05,0.00029341,0,0,7.5507
3.8183e-05,0.00029341,0,0,7.5507
3.8183e-05,0.0002902,0,0,7.5507
3.8183e-05,0,0,0,7.5507
3.8183e-05,0,0,0,7.5504
3.8183e-05,0,0,0,7.5509
3.8183e-05,0,0,0,7.5509
3.8183e-05,0,0,0,7.5509
3.8183e-05,0,0,0,7.5509
3.8183e-05,0,0,0,7.5509
3.8183e-05,0,0,0,7.5509
3.8183e-05,0,0,0,7.5509
3.8183e-05,0,0,0,7.5509
3.8183e-05,0,0,0,7.5509
3.8183e-05,0,0,0,7.551
3.8183e-05,0,0,0,7.5502
3.8183e-05,0,0,0,7.5509
3.8183e-05,0,0,0,7.5509
3.8183e-05,0,0,0,7.5502
3.8183e-05,0,0,0,7.5509
3.8183e-05,0,0,0,7.5509
3.8183e-05,0,0,0,7.5509
3.8183e-05,0,0,0,7.5509
3.8183e-05,0,0,0,7.5513
3.8183e-05,0,0,0,7.5509
3.8183e-05,0,0,0,7.5509
3.8183e-05,0,0,0,7.5509
3.8183e-05,0,0,0,7.5509
3.8183e-05,0,0,0,7.5509
3.8183e-05,0,0,0,7.5509
3.8183e-05,0,0,0,7.5511
3.8183e-05,0,0,0,7.5509
3.8183e-05,0,0,0,7.5509
3.8183e-05,0,0,0,7.5515
3.8183e-05,0,0,0,7.5509
3.8183e-05,0,0,0,7.5509
3.8183e-05,0,0,0,7.5509
3.8183e-05,0,0,0,7.5509
3.8183e-05,0,0,0,7.5509
3.8183e-05,0,0,0,7.5509
3.8183e-05,0,0,0,7.5509
3.8183e-05,0,0,0,7.5509
3.8183e-05,0,0,0,7.5503
3.8183e-05,0,0,0,7.5509
3.8183e-05,0,0,0,7.5509
3.8183e-05,0,0,0,7.5509
3.8183e-05,0,0,0,7.5509
3.8183e-05,0,0,0,7.5509
3.8183e-05,0,0,0,7.5509
3.8183e-05,0,0,0,7.5509
3.8183e-05,0,0,0,7.5509
3.8183e-05,0,0,0,7.5509
3.8183e-05,0,0,0,7.5509
3.8183e-05,0,0,0,7.5509
3.8183e-05,0,0,0,7.5514
3.8183e-05,0,0,0,7.5511
3.8183e-05,0,0,0,7.5509
3.8183e-05,0,0,0,7.5509
3.8183e-05,0,0,0,7.5509
3.8183e-05,0,0,0,7.5509
3.8183e-05,0,0,0,7.5509
3.8183e-05,0,0,0,7.5509
3.8183e-05,0,0,0,7.5509
3.8183e-05,0,0,0,7.5509
3.8183e-05,0,0,0,7.5509
3.8183e-05,0,0,0,7.5513
3.8183e-05,0,0,0,7.5512
3.8183e-05,0,0,0,7.5509
3.8183e-05,0,0,0,7.551
3.8183e-05,0,0,0,7.5509
3.8183e-05,0,0,0,7.5509
3.8183e-05,0,0,0,7.5509
3.8183e-05,0,0,0,7.5515
3.8183e-05,0,0,0,7.5509
3.8183e-05,0,0,0,7.5513
3.8183e-05,0,0,0,7.5509
3.8183e-05,0,0,0,7.5509
3.8183e-05,0,0,0,7.5511
3.8183e-05,0,0,0,7.5514
3.8183e-05,0,0,0,7.5509
3.8183e-05,0,0,0,7.5509
3.8183e-05,0,0,0,7.5509
3.8183e-05,0,0,0,7.5509
3.8183e-05,0,0,0,7.5509
3.8183e-05,0,0,0,7.5509
3.8183e-05,0,0,0,7.5509
3.8183e-05,0,0,0,7.5509
3.8183e-05,0,0,0,7.5511
3.8183e-05,0,0,0,7.5509
3.8183e-05,0,0,0,7.5509
3.8183e-05,0,0,0,7.551
3.8183e-05,0,0,0,7.5509
3.8183e-05,0,0,0,7.5507
3.8183e-05,0,0,0,7.5509
3.8183e-05,0,0,0,7.5509
3.8183e-05,0,0,0,7.551
3.8183e-05,0,0,0,7.5509
3.8183e-05,0,0,0,7.5509
3.8183e-05,0,0,0,7.5506
3.8183e-05,0,0,0,7.5509
3.8183e-05,0,0,0,7.5509
3.8183e-05,0,0,0,7.5509
3.8183e-05,0,0,0,7.5509
3.8183e-05,0,0,0,7.5506
3.8183e-05,0,0,0,7.5515
3.8183e-05,0,0,0,7.5509
3.8183e-05,0,0,0,7.5509
3.8183e-05,0,0,0,7.5509
3.8183e-05,0,0,0,7.5509
3.8183e-05,0,0,0,7.5509
3.8183e-05,0,0,0,7.5509
3.8183e-05,0,0,0,7.5498
3.8183e-05,0,0,0,7.5509
3.8183e-05,0,0,0,7.5497
3.8183e-05,0,0,0,7.5509
3.8183e-05,0,0,0,7.5509
3.8183e-05,0,0,0,7.5509
3.8183e-05,0,0,0,7.5501
3.8183e-05,0,0,0,7.5509
3.8183e-05,0,0,0,7.5509
3.8183e-05,0,0,0,7.5509
3.8183e-05,0,0,0,7.5509
3.8183e-05,0,0,0,7.551
3.8183e-05,0,0,0,7.5509
3.8183e-05,0,0,0,7.5509
3.8183e-05,0,0,0,7.5509
3.8183e-05,0,0,0,7.5509
3.8183e-05,0,0,0,7.5509
3.8183e-05,0,0,0,7.5509
3.8183e-05,0,0,0,7.5509
3.8183e-05,0,0,0,7.5497
3.8183e-05,0,0,0,7.5509
3.8183e-05,0,0,0,7.5509
3.8183e-05,0,0,0,7.5512
3.8183e-05,0,0,0,7.5509
3.8183e-05,0,0,0,7.5509
3.8183e-05,0,0,0,7.5496
3.8183e-05,0,0,0,7.5509
3.8183e-05,0,0,0,7.5509
3.8183e-05,0,0,0,7.5513
3.8183e-05,0,0,0,7.5509
3.8183e-05,0,0,0,7.5514
3.8183e-05,0,0,0,7.5507
3.8183e-05,0,0,0,7.5509
3.8183e-05,0.00023542,0,0,7.5501
3.8183e-05,0.00023542,0,0,7.5507
3.8183e-05,0.00023542,0,0,7.5507
3.8183e-05,0.00023542,0,0,7.5507
3.8183e-05,0.00023542,0,0,7.5507
3.8183e-05,0.00023542,0,0,7.5507
3.8183e-05,0.00023542,0,0,7.5507
3.8183e-05,0.00023542,0,0,7.5507
3.8183e-05,0.00023542,0,0,7.5507
3.8183e-05,0,0,0,7.5507
3.8183e-05,0,0,0,7.5509
3.8183e-05,0,0,0,7.5509
3.8183e-05,0,0,0,7.5513
3.8183e-05,0,0,0,7.5511
3.8183e-05,0,0,0,7.5509
3.8183e-05,0,0,0,7.5509
3.8183e-05,0,0,0,7.5509
3.8183e-05,0,0,0,7.5509
3.8183e-05,0,0,0,7.5509
3.8183e-05,0,0,0,7.5509
3.8183e-05,0,0,0,7.5497
3.8183e-05,0,0,0,7.5509
3.8183e-05,0,0,0,7.5509
3.8183e-05,0,0,0,7.5509
3.8183e-05,0,0,0,7.5509
3.8183e-05,0,0,0,7.5509
3.8183e-05,0,0,0,7.5509
3.8183e-05,0,0,0,7.5509
3.8183e-05,0,0,0,7.5509
3.8183e-05,0,0,0,7.5509
3.8183e-05,0,0,0,7.5509
3.8183e-05,0,0,0,7.5512
3.8183e-05,0,0,0,7.5509
3.8183e-05,0,0,0,7.5509
3.8183e-05,0,0,0,7.5509
3.8183e-05,0,0,0,7.5509
3.8183e-05,0,0,0,7.5509
3.8183e-05,0,0,0,7.5509
3.8183e-05,0,0,0,7.5503
3.8183e-05,0,0,0,7.5509
3.8183e-05,0,0,0,7.5509
3.8183e-05,0,0,0,7.5506
3.8183e-05,0,0,0,7.5515
3.8183e-05,0,0,0,7.5503
3.8183e-05,0,0,0,7.5509
3.8183e-05,0,0,0,7.5509
3.8183e-05,0,0,0,7.5517
3.8183e-05,0,0,0,7.5508
3.8183e-05,0,0,0,7.5509
3.8183e-05,0,0,0,7.5509
3.8183e-05,0,0,0,7.5509
3.8183e-05,0,0,0,7.5509
3.8183e-05,0,0,0,7.5509
3.8183e-05,0,0,0,7.5509
3.8183e-05,0.0004929,0,0,7.5509
3.8183e-05,0.0004929,0,0,7.5493
3.8183e-05,0.0004929,0,0,7.5505
3.8183e-05,0.0004929,0,0,7.5505
3.8183e-05,0,0,0,7.5505
3.8183e-05,0,0,0,7.5509
3.8183e-05,0,0,0,7.5509
3.8183e-05,0,0,0,7.5509
3.8183e-05,0.00023974,0,0,7.5497
3.8183e-05,0.00023974,0,0,7.5507
3.8183e-05,0,0,0,7.5507
3.8183e-05,0,0,0,7.5509
3.8183e-05,0,0,0,7.5509
3.8183e-05,0,0,0,7.551
3.8183e-05,0,0,0,7.5509
3.8183e-05,0,0,0,7.5509
3.8183e-05,0,0,0,7.5509
3.8183e-05,0,0,0,7.5509
3.8183e-05,0,0,0,7.5509
3.8183e-05,0,0,0,7.5509
3.8183e-05,0,0,0,7.5509
3.8183e-05,0,0,0,7.5497
3.8183e-05,0,0,0,7.5509
3.8183e-05,0,0,0,7.5509
3.8183e-05,0,0,0,7.5509
3.8183e-05,0,0,0,7.5509
3.8183e-05,0,0,0,7.5513
3.8183e-05,0,0,0,7.5509
3.8183e-05,0,0,0,7.5509
3.8183e-05,0,0,0,7.5509
3.8183e-05,0,0,0,7.5509
3.8183e-05,0,0,0,7.551
3.8183e-05,0,0,0,7.5509
3.8183e-05,0,0,0,7.5509
3.8183e-05,0,0,0,7.5496
3.8183e-05,0,0,0,7.5508
3.8183e-05,0,0,0,7.5509
3.8183e-05,0,0,0,7.5509
3.8183e-05,0,0,0,7.5509
3.8183e-05,0,0,0,7.5509
3.8183e-05,0,0,0,7.5506
3.8183e-05,0,0,0,7.5498
3.8183e-05,0,0,0,7.5509
3.8183e-05,0,0,0,7.5511
3.8183e-05,0,0,0,7.5509
3.8183e-05,0,0,0,7.5509
3.8183e-05,0,0,0,7.5509
3.8183e-05,0,0,0,7.5509
3.8183e-05,0,0,0,7.5509
3.8183e-05,0,0,0,7.5515
3.8183e-05,0,0,0,7.5509
3.8183e-05,0,0,0,7.5509
3.8183e-05,0,0,0,7.5509
3.8183e-05,0,0,0,7.5509
3.8183e-05,0,0,0,7.5509
3.8183e-05,0,0,0,7.5509
3.8183e-05,0,0,0,7.5509
3.8183e-05,0,0,0,7.5509
3.8183e-05,0,0,0,7.5509
3.8183e-05,0,0,0,7.5509
3.8183e-05,0,0,0,7.5509
3.8183e-05,0,0,0,7.5509
3.8183e-05,0,0,0,7.5509
3.8183e-05,0,0,0,7.5509
3.8183e-05,0,0,0,7.5509
3.8183e-05,0,0,0,7.5509
3.8183e-05,0,0,0,7.5508
3.8183e-05,0.0014675,0,0,7.5497
3.8183e-05,0.0014675,0,0,7.5501
3.8183e-05,0.0014675,0,0,7.5498
3.8183e-05,0,0,0,7.5498
3.8183e-05,0,0,0,7.5514
3.8183e-05,0,0,0,7.5511
3.8183e-05,0,0,0,7.551
3.8183e-05,0,0,0,7.5509
3.8183e-05,0,0,0,7.5509
3.8183e-05,0,0,0,7.5509
3.8183e-05,0,0,0,7.5507
3.8183e-05,0,0,0,7.5509
3.8183e-05,0,0,0,7.5509
3.8183e-05,0,0,0,7.5509
3.8183e-05,0,0,0,7.5509
3.8183e-05,0,0,0,7.5509
3.8183e-05,0,0,0,7.551
3.8183e-05,0,0,0,7.5509
3.8183e-05,0,0,0,7.5509
3.8183e-05,0,0,0,7.5512
3.8183e-05,0,0,0,7.5509
3.8183e-05,0,0,0,7.5509
3.8183e-05,0,0,0,7.5517
3.8183e-05,0,0,0,7.5509
3.8183e-05,0,0,0,7.5509
3.8183e-05,0,0,0,7.5508
3.8183e-05,0,0,0,7.5509
3.8183e-05,0,0,0,7.5509
3.8183e-05,0,0,0,7.5509
3.8183e-05,0,0,0,7.5509
3.8183e-05,0,0,0,7.5509
3.8183e-05,0,0,0,7.5509
3.8183e-05,0,0,0,7.5509
3.8183e-05,0,0,0,7.5509
3.8183e-05,0,0,0,7.5509
3.8183e-05,0,0,0,7.5515
3.8183e-05,0,0,0,7.5509
3.8183e-05,0,0,0,7.5503
3.8183e-05,0,0,0,7.5509
3.8183e-05,0,0,0,7.5509
3.8183e-05,0,0,0,7.551
3.8183e-05,0,0,0,7.551
3.8183e-05,0,0,0.022508,7.5496
3.8183e-05,0,0,0.022508,7.5501
3.8183e-05,0,0,0.022508,7.5501
3.8183e-05,0,0,0.022508,7.5501
3.8183e-05,0,0,0,7.5501
3.8183e-05,0,0,0,7.5509
3.8183e-05,0,0,0,7.5509
3.8183e-05,0,0,0,7.5512
3.8183e-05,0,0,0,7.5509
3.8183e-05,0,0,0,7.5509
3.8183e-05,0,0,0,7.5509
3.8183e-05,0,0,0,7.5509
3.8183e-05,0,0,0,7.551
3.8183e-05,0,0,0,7.5509
3.8183e-05,0,0,0,7.5509
3.8183e-05,0,0,0,7.5509
3.8183e-05,0,0,0,7.5502
3.8183e-05,0,0,0,7.5509
3.8183e-05,0,0,0,7.5509
3.8183e-05,0,0,0,7.5509
3.8183e-05,0,0,0,7.5509
3.8183e-05,0,0,0,7.5509
3.8183e-05,0,0,0,7.5509
3.8183e-05,0,0,0,7.5509
3.8183e-05,0,0,0,7.5509
3.8183e-05,0,0,0,7.5509
3.8183e-05,0,0,0,7.5509
3.8183e-05,0,0,0,7.5509
3.8183e-05,0,0,0,7.551
3.8183e-05,0,0,0,7.5509
3.8183e-05,0,0,0,7.5509
3.8183e-05,0,0,0,7.5509
3.8183e-05,0,0,0,7.5509
3.8183e-05,0,0,0,7.5509
3.8183e-05,0,0,0,7.5511
3.8183e-05,0,0,0,7.5509
3.8183e-05,0,0,0,7.5509
3.8183e-05,0,0,0,7.5509
3.8183e-05,0,0,0,7.5509
3.8183e-05,0,0,0,7.5509
3.8183e-05,0,0,0,7.5509
3.8183e-05,0,0,0,7.5509
3.8183e-05,0,0,0,7.5496
3.8183e-05,0,0,0,7.5508
3.8183e-05,0,0,0,7.5509
3.8183e-05,0,0,0,7.5514
3.8183e-05,0,0,0,7.5509
3.8183e-05,0,0,0,7.5509
3.8183e-05,0,0,0,7.5508
3.8183e-05,0,0,0,7.5509
3.8183e-05,0,0,0,7.5509
3.8183e-05,0,0,0,7.5505
3.8183e-05,0,0,0,7.5509
3.8183e-05,0,0,0,7.5501
3.8183e-05,0,0,0,7.5509
3.8183e-05,0,0,0,7.5509
3.8183e-05,0,0,0,7.5508
3.8183e-05,0,0,0,7.5509
3.8183e-05,0,0,0,7.5509
3.8183e-05,0,0,0,7.5517
3.8183e-05,0,0,0,7.5509
3.8183e-05,0,0,0,7.5509
3.8183e-05,0,0,0,7.5509
3.8183e-05,0,0,0,7.5509
3.8183e-05,0,0,0,7.5509
3.8183e-05,0,0,0,7.5509
3.8183e-05,0,0,0,7.5509
3.8183e-05,0,0,0,7.5503
3.8183e-05,0,0,0,7.5509
3.8183e-05,0,0,0,7.5508
3.8183e-05,0,0,0,7.5509
3.8183e-05,0,0,0,7.5509
3.8183e-05,0,0,0,7.5509
3.8183e-05,0,0,0,7.5509
3.8183e-05,0,0,0,7.5509
3.8183e-05,0,0,0.020356,7.5484
3.8183e-05,0,0,0,7.5503
3.8183e-05,0,0,0,7.5504
3.8183e-05,0,0,0,7.5509
3.8183e-05,0,0,0,7.5509
3.8183e-05,0,0,0,7.5509
3.8183e-05,0,0,0,7.5503
3.8183e-05,0,0,0,7.5509
3.8183e-05,0,0,0,7.5509
3.8183e-05,0,0,0,7.5509
3.8183e-05,0,0,0,7.5512
3.8183e-05,0,0,0,7.5509
3.8183e-05,0,0,0,7.5509
3.8183e-05,0,0,0,7.5509
3.8183e-05,0,0,0,7.5509
3.8183e-05,0,0,0,7.5509
3.8183e-05,0,0,0,7.5509
3.8183e-05,0,0,0,7.5509
3.8183e-05,0,0,0,7.5509
3.8183e-05,0,0,0,7.5509
3.8183e-05,0,0,0,7.5509
3.8183e-05,0,0,0,7.5515
3.8183e-05,0,0,0,7.5509
3.8183e-05,0,0,0,7.5509
3.8183e-05,0,0,0,7.5499
3.8183e-05,0,0,0,7.5509
3.8183e-05,0,0,0,7.5508
3.8183e-05,0,0,0,7.5509
3.8183e-05,0,0,0,7.5509
3.8183e-05,0,0,0,7.5511
3.8183e-05,0,0,0,7.5509
3.8183e-05,0,0,0,7.5509
3.8183e-05,0,0,0,7.5515
3.8183e-05,0,0,0,7.5509
3.8183e-05,0,0,0,7.5509
3.8183e-05,0,0,0,7.5509
3.8183e-05,0,0,0,7.5496
3.8183e-05,0,0,0,7.5513
3.8183e-05,0,0,0,7.5509
3.8183e-05,0,0,0,7.5509
3.8183e-05,0,0,0,7.5509
3.8183e-05,0,0,0,7.5509
3.8183e-05,0,0,0,7.5511
3.8183e-05,0,0,0,7.5509
3.8183e-05,0,0,0,7.5517
3.8183e-05,0,0,0,7.5509
3.8183e-05,0,0,0,7.5509
3.8183e-05,0,0,0,7.5509
3.8183e-05,0,0,0,7.5509
3.8183e-05,0,0,0,7.5501
3.8183e-05,0,0,0,7.5509
3.8183e-05,0,0,0,7.5514
3.8183e-05,0,0,0,7.5509
3.8183e-05,0,0,0,7.5509
3.8183e-05,0,0,0,7.5509
3.8183e-05,0,0,0,7.5514
3.8183e-05,0,0,0,7.5509
3.8183e-05,0,0,0,7.5509
3.8183e-05,0,0,0,7.5509
3.8183e-05,0,0,0,7.5509
3.8183e-05,0,0,0,7.5509
3.8183e-05,0,0,0,7.5509
3.8183e-05,0,0,0,7.5497
3.8183e-05,0,0,0,7.5515
3.8183e-05,0,0,0,7.5509
3.8183e-05,0,0,0,7.5509
3.8183e-05,0,0,0,7.5509
3.8183e-05,0,0,0,7.5512
3.8183e-05,0,0,0,7.5509
3.8183e-05,0,0,0,7.5509
3.8183e-05,0.00037013,0,0,7.5508
3.8183e-05,0.00037013,0,0,7.5506
3.8183e-05,0.00037013,0,0,7.5506
3.8183e-05,0.00037013,0,0,7.5506
3.8183e-05,0.00037013,0,0,7.5504
3.8183e-05,0.00037013,0,0,7.5506
3.8183e-05,0.00037013,0,0,7.5506
3.8183e-05,0.00037013,0,0,7.5506
3.8183e-05,0,0,0,7.5506
3.8183e-05,0,0,0,7.5509
3.8183e-05,0,0,0,7.5506
3.8183e-05,0,0,0,7.5509
3.8183e-05,0,0,0,7.5509
3.8183e-05,0,0,0,7.5509
3.8183e-05,0,0,0,7.5509
3.8183e-05,0,0,0,7.5509
3.8183e-05,0,0,0,7.5509
3.8183e-05,0,0,0,7.5509
3.8183e-05,0,0,0,7.5509
3.8183e-05,0,0,0,7.5509
3.8183e-05,0,0,0,7.5509
3.8183e-05,0,0,0,7.5509
3.8183e-05,0,0,0,7.5506
3.8183e-05,0,0,0,7.5513
3.8183e-05,0,0,0,7.5509
3.8183e-05,0,0,0,7.5509
3.8183e-05,0,0,0,7.5509
3.8183e-05,0,0,0,7.5509
3.8183e-05,0,0,0,7.5507
3.8183e-05,0,0,0,7.5509
3.8183e-05,0,0,0,7.5509
3.8183e-05,0,0,0,7.5512
3.8183e-05,0,0,0,7.5509
3.8183e-05,0,0,0,7.5509
3.8183e-05,0,0,0,7.5509
3.8183e-05,0,0,0,7.5501
3.8183e-05,0,0,0,7.5509
3.8183e-05,0,0,0,7.5509
3.8183e-05,0,0,0,7.5509
3.8183e-05,0,0,0,7.5509
3.8183e-05,0,0,0,7.5509
3.8183e-05,0,0,0,7.5509
3.8183e-05,0,0,0,7.5509
3.8183e-05,0,0,0,7.5509
3.8183e-05,0,0,0,7.5509
3.8183e-05,0,0,0,7.5509
3.8183e-05,0,0,0,7.5514
3.8183e-05,0,0,0,7.5509
3.8183e-05,0,0,0,7.5509
3.8183e-05,0,0,0,7.5509
3.8183e-05,0,0,0,7.5509
3.8183e-05,0,0,0,7.5509
3.8183e-05,0,0,0,7.5509
3.8183e-05,0,0,0,7.5509
3.8183e-05,0,0,0,7.5509
3.8183e-05,0,0,0,7.5496
3.8183e-05,0,0,0,7.5509
3.8183e-05,0,0,0,7.5508
3.8183e-05,0,0,0,7.5509
3.8183e-05,0,0,0,7.5496
3.8183e-05,0,0,0,7.5509
3.8183e-05,0,0,0,7.5509
3.8183e-05,0,0,0,7.5509
3.8183e-05,0,0,0,7.5509
3.8183e-05,0,0,0,7.5508
3.8183e-05,0,0,0,7.5494
3.8183e-05,0,0,0,7.5509
3.8183e-05,0,0,0,7.5509
3.8183e-05,0,0,0,7.5496
3.8183e-05,0,0,0,7.5509
3.8183e-05,0,0,0,7.5509
3.8183e-05,0,0,0,7.5509
3.8183e-05,0,0,0,7.5509
3.8183e-05,0,0,0,7.5509
3.8183e-05,0,0,0,7.5509
3.8183e-05,0,0,0,7.5509
3.8183e-05,0,0,0,7.5509
3.8183e-05,0,0,0,7.5509
3.8183e-05,0,0,0,7.5509
3.8183e-05,0,0,0,7.5509
3.8183e-05,0,0,0,7.5509
3.8183e-05,0,0,0,7.5509
3.8183e-05,0,0,0,7.5509
3.8183e-05,0,0,0,7.5509
3.8183e-05,0,0,0,7.5509
3.8183e-05,0,0,0,7.5511
3.8183e-05,0,0,0,7.5509
3.8183e-05,0,0,0,7.5509
3.8183e-05,0,0,0,7.5509
3.8183e-05,0,0,0,7.5509
3.8183e-05,0,0,0,7.5509
3.8183e-05,0,0,0,7.5509
3.8183e-05,0,0,0,7.5509
3.8183e-05,0,0,0,7.5509
3.8183e-05,0,0,0,7.5509
3.8183e-05,0,0,0,7.5515
3.8183e-05,0,0,0,7.5509
3.8183e-05,0,0,0,7.5509
3.8183e-05,0,0,0,7.5509
3.8183e-05,0,0,0,7.5509
3.8183e-05,0,0,0,7.5509
3.8183e-05,0,0,0,7.5509
3.8183e-05,0,0,0,7.5509
3.8183e-05,0,0,0,7.5509
3.8183e-05,0,0,0,7.5501
3.8183e-05,0,0,0,7.5509
3.8183e-05,0,0,0,7.5509
3.8183e-05,0,0,0,7.5509
3.8183e-05,0,0,0,7.5509
3.8183e-05,0,0,0,7.5509
3.8183e-05,0,0,0,7.5509
3.8183e-05,0,0,0,7.5509
3.8183e-05,0,0,0,7.5509
3.8183e-05,0,0,0,7.5509
3.8183e-05,0,0,0,7.5509
3.8183e-05,0,0,0,7.5501
3.8183e-05,0,0,0,7.5509
3.8183e-05,0,0,0,7.5509
3.8183e-05,0,0,0,7.5509
3.8183e-05,0,0,0,7.5509
3.8183e-05,0,0,0,7.5509
3.8183e-05,0,0,0,7.5509
3.8183e-05,0,0,0,7.5509
3.8183e-05,0,0,0,7.5509
3.8183e-05,0,0,0,7.5509
3.8183e-05,0,0,0,7.5509
3.8183e-05,0,0,0,7.5509
3.8183e-05,0,0,0,7.5509
3.8183e-05,0,0,0,7.5506
3.8183e-05,0,0,0,7.5509
3.8183e-05,0,0,0,7.5509
3.8183e-05,0,0,0,7.5509
3.8183e-05,0,0,0,7.5509
3.8183e-05,0,0,0,7.5509
3.8183e-05,0,0,0,7.5512
3.8183e-05,0,0,0,7.5506
3.8183e-05,0,0,0,7.5509
3.8183e-05,0,0,0,7.5509
3.8183e-05,0,0,0,7.5517
3.8183e-05,0,0,0,7.5509
3.8183e-05,0,0,0,7.5509
3.8183e-05,0,0,0,7.5509
3.8183e-05,0,0,0,7.5509
3.8183e-05,0,0,0,7.5509
3.8183e-05,0,0,0,7.5509
3.8183e-05,0,0,0,7.5509
3.8183e-05,0,0,0,7.5501
3.8183e-05,0,0,0,7.5509
3.8183e-05,0,0,0,7.5509
3.8183e-05,0,0,0,7.5511
3.8183e-05,0,0,0,7.5509
3.8183e-05,0,0,0,7.5509
3.8183e-05,0,0,0,7.5509
3.8183e-05,0,0,0,7.5509
3.8183e-05,0,0,0,7.5508
3.8183e-05,0,0,0,7.5509
3.8183e-05,0,0,0,7.5509
3.8183e-05,0,0,0,7.5509
3.8183e-05,0,0,0,7.5498
3.8183e-05,0,0,0,7.5517
3.8183e-05,0,0,0,7.5509
3.8183e-05,0,0,0,7.5509
3.8183e-05,0,0,0,7.5509
3.8183e-05,0,0,0,7.5509
3.8183e-05,0,0,0,7.5509
3.8183e-05,0,0,0,7.5502
3.8183e-05,0,0,0,7.5509
3.8183e-05,0,0,0,7.5509
3.8183e-05,0,0,0,7.5509
3.8183e-05,0,0,0,7.551
3.8183e-05,0,0,0,7.5503
3.8183e-05,0,0,0,7.5509
3.8183e-05,0,0,0,7.5509
3.8183e-05,0,0,0,7.5498
3.8183e-05,0,0,0,7.5509
3.8183e-05,0,0,0,7.5509
3.8183e-05,0,0,0,7.5509
3.8183e-05,0,0,0,7.5509
3.8183e-05,0,0,0,7.551
3.8183e-05,0,0,0,7.5509
3.8183e-05,0,0,0,7.5509
3.8183e-05,0,0,0,7.5509
3.8183e-05,0,0,0,7.5509
3.8183e-05,0,0,0,7.5509
3.8183e-05,0,0,0,7.5509
3.8183e-05,0,0,0,7.5509
3.8183e-05,0,0,0,7.5509
3.8183e-05,0,0,0,7.5509
3.8183e-05,0,0,0,7.5515
3.8183e-05,0,0,0,7.5509
3.8183e-05,0,0,0,7.5504
3.8183e-05,0,0,0,7.5509
3.8183e-05,0,0,0,7.5511
3.8183e-05,0,0,0,7.5509
3.8183e-05,0,0,0,7.5509
3.8183e-05,0,0,0,7.5509
3.8183e-05,0,0,0,7.5509
3.8183e-05,0,0,0,7.551
3.8183e-05,0,0,0,7.5509
3.8183e-05,0,0,0,7.5509
3.8183e-05,0,0,0,7.55
3.8183e-05,0,0,0,7.5509
3.8183e-05,0,0,0,7.5509
3.8183e-05,0,0,0,7.551
3.8183e-05,0,0,0,7.5509
3.8183e-05,0,0,0,7.5509
3.8183e-05,0,0,0,7.5513
3.8183e-05,0,0,0,7.5509
3.8183e-05,0,0,0,7.5509
3.8183e-05,0,0,0,7.5509
3.8183e-05,0,0,0,7.5509
3.8183e-05,0,0,0,7.5509
3.8183e-05,0,0,0,7.5497
3.8183e-05,0,0,0,7.551
3.8183e-05,0,0,0,7.5509
3.8183e-05,0,0,0,7.5503
3.8183e-05,0,0,0,7.5507
3.8183e-05,0,0,0,7.5509
3.8183e-05,0,0,0,7.5506
3.8183e-05,0,0,0,7.5511
3.8183e-05,0,0,0,7.5509
3.8183e-05,0,0,0,7.5501
3.8183e-05,0,0,0,7.5509
3.8183e-05,0,0,0,7.5509
3.8183e-05,0,0,0,7.5509
3.8183e-05,0,0,0,7.5515
3.8183e-05,0,0,0,7.5509
3.8183e-05,0,0,0,7.5509
3.8183e-05,0,0,0,7.5497
3.8183e-05,0,0,0,7.5509
3.8183e-05,0,0,0,7.5509
3.8183e-05,0,0,0,7.5506
3.8183e-05,0,0,0,7.5504
3.8183e-05,0,0,0,7.5509
3.8183e-05,0,0,0,7.5509
3.8183e-05,0,0,0,7.5509
3.8183e-05,0,0,0,7.5509
3.8183e-05,0,0,0,7.5509
3.8183e-05,0,0,0,7.5509
3.8183e-05,0,0,0,7.5509
3.8183e-05,0,0,0,7.5509
3.8183e-05,0,0,0,7.5509
3.8183e-05,0,0,0,7.5509
3.8183e-05,0,0,0,7.5509
3.8183e-05,0,0,0,7.5498
3.8183e-05,0,0,0,7.5509
3.8183e-05,0,0,0,7.5509
3.8183e-05,0,0,0,7.5509
3.8183e-05,0,0,0,7.5509
3.8183e-05,0,0,0,7.5508
3.8183e-05,0,0,0,7.5509
3.8183e-05,0,0,0,7.5509
3.8183e-05,0,0,0,7.5509
3.8183e-05,0,0,0,7.551
3.8183e-05,0,0,0,7.5509
3.8183e-05,0,0,0,7.551
3.8183e-05,0,0,0,7.5509
3.8183e-05,0,0,0,7.5509
3.8183e-05,0,0,0,7.5509
3.8183e-05,0,0,0,7.5509
3.8183e-05,0,0,0,7.5509
3.8183e-05,0,0,0,7.5509
3.8183e-05,0,0,0,7.551
3.8183e-05,0,0,0,7.5509
3.8183e-05,0,0,0,7.5509
3.8183e-05,0,0,0,7.5509
3.8183e-05,0,0,0,7.5509
3.8183e-05,0,0,0,7.5513
3.8183e-05,0,0,0,7.5509
3.8183e-05,0,0,0,7.5509
3.8183e-05,0,0,0,7.5509
3.8183e-05,0,0,0,7.5509
3.8183e-05,0,0,0,7.5509
3.8183e-05,0,0,0,7.5509
3.8183e-05,0,0,0,7.5509
3.8183e-05,0,0,0,7.5509
3.8183e-05,0,0,0,7.5497
3.8183e-05,0,0,0,7.5509
3.8183e-05,0,0,0,7.5509
3.8183e-05,0,0,0,7.5509
3.8183e-05,0,0,0,7.5509
3.8183e-05,0,0,0,7.5509
3.8183e-05,0,0,0,7.5509
3.8183e-05,0,0,0,7.5509
3.8183e-05,0,0,0,7.5509
3.8183e-05,0,0,0,7.5509
3.8183e-05,0,0,0,7.5509
3.8183e-05,0,0,0,7.5512
3.8183e-05,0,0,0,7.5509
3.8183e-05,0,0,0,7.5509
3.8183e-05,0,0,0,7.5509
3.8183e-05,0,0,0,7.5509
3.8183e-05,0.00023127,0.076551,0.016589,7.5509
3.8183e-05,0,0,0,7.5498
3.8183e-05,0,0,0,7.5517
3.8183e-05,0,0,0,7.5509
3.8183e-05,0,0,0,7.5509
3.8183e-05,0,0,0,7.5509
3.8183e-05,0,0,0,7.5506
3.8183e-05,0,0,0,7.5509
3.8183e-05,0,0,0,7.5509
3.8183e-05,0,0,0,7.5508
3.8183e-05,0,0,0,7.5509
3.8183e-05,0,0,0,7.5509
3.8183e-05,0,0,0,7.5509
3.8183e-05,0,0,0,7.5512
3.8183e-05,0,0,0,7.5509
3.8183e-05,0,0,0,7.5509
3.8183e-05,0,0,0,7.5509
3.8183e-05,0,0,0,7.5509
3.8183e-05,0,0,0,7.5509
3.8183e-05,0,0,0,7.5509
3.8183e-05,0,0,0,7.5501
3.8183e-05,0,0,0,7.5509
3.8183e-05,0,0,0,7.5509
3.8183e-05,0,0,0,7.5504
3.8183e-05,0,0,0,7.5509
3.8183e-05,0,0,0,7.5509
3.8183e-05,0,0,0,7.5508
3.8183e-05,0,0,0,7.5509
3.8183e-05,0,0,0,7.5509
3.8183e-05,0,0,0,7.5508
3.8183e-05,0,0,0,7.5498
3.8183e-05,0,0,0,7.5509
3.8183e-05,0,0,0,7.5509
3.8183e-05,0,0,0,7.5514
3.8183e-05,0,0,0,7.5509
3.8183e-05,0,0,0,7.5509
3.8183e-05,0,0,0,7.5509
3.8183e-05,0,0,0,7.5509
3.8183e-05,0,0,0,7.5514
3.8183e-05,0,0,0,7.5509
3.8183e-05,0,0,0,7.5509
3.8183e-05,0,0,0,7.5511
3.8183e-05,0,0,0,7.5509
3.8183e-05,0,0,0,7.5504
3.8183e-05,0,0,0,7.5509
3.8183e-05,0,0,0,7.5509
3.8183e-05,0,0,0,7.5509
3.8183e-05,0,0,0,7.5509
3.8183e-05,0,0,0,7.5509
3.8183e-05,0,0,0,7.551
3.8183e-05,0,0,0,7.5502
3.8183e-05,0,0,0,7.5509
3.8183e-05,0,0,0,7.551
3.8183e-05,0,0,0,7.5509
3.8183e-05,0,0,0,7.5505
3.8183e-05,0,0,0,7.5509
3.8183e-05,0,0,0,7.551
3.8183e-05,0,0,0,7.5509
3.8183e-05,0,0,0,7.5509
3.8183e-05,0,0,0,7.5509
3.8183e-05,0,0,0,7.5508
3.8183e-05,0,0,0,7.5509
3.8183e-05,0,0,0,7.5509
3.8183e-05,0,0,0,7.5509
3.8183e-05,0,0,0,7.5509
3.8183e-05,0,0,0,7.5509
3.8183e-05,0,0,0,7.5509
3.8183e-05,0,0,0,7.5509
3.8183e-05,0,0,0,7.5509
3.8183e-05,0,0,0,7.5497
3.8183e-05,0,0,0,7.5517
3.8183e-05,0,0,0,7.5497
3.8183e-05,0,0,0,7.5511
3.8183e-05,0,0,0,7.5509
3.8183e-05,0,0,0,7.5509
3.8183e-05,0.000995,0,0,7.5498
3.8183e-05,0.000995,0,0,7.5502
3.8183e-05,0.000995,0,0,7.5502
3.8183e-05,0,0,0,7.5502
3.8183e-05,0,0,0,7.5509
3.8183e-05,0,0,0,7.5509
3.8183e-05,0,0,0,7.551
3.8183e-05,0,0,0,7.5503
3.8183e-05,0,0,0,7.5509
3.8183e-05,0,0,0,7.5509
3.8183e-05,0,0,0,7.5509
3.8183e-05,0,0,0,7.5509
3.8183e-05,0,0,0,7.5509
3.8183e-05,0,0,0,7.5509
3.8183e-05,0,0,0,7.5509
3.8183e-05,0,0,0,7.5512
3.8183e-05,0,0,0,7.5514
3.8183e-05,0,0,0,7.5509
3.8183e-05,0,0,0,7.5509
3.8183e-05,0,0,0,7.5509
3.8183e-05,0,0,0,7.5509
3.8183e-05,0,0,0,7.5497
3.8183e-05,0,0,0,7.5509
3.8183e-05,0,0,0,7.5509
3.8183e-05,0,0,0,7.5509
3.8183e-05,0,0,0,7.5509
3.8183e-05,0,0,0,7.5509
3.8183e-05,0,0,0,7.5512
3.8183e-05,0,0,0,7.5509
3.8183e-05,0,0,0,7.5509
3.8183e-05,0,0,0,7.5498
3.8183e-05,0,0,0,7.5514
3.8183e-05,0.00012887,0,0,7.5504
3.8183e-05,0.00012887,0,0,7.5508
3.8183e-05,0.00012887,0,0,7.5505
3.8183e-05,0.00012887,0,0,7.5508
3.8183e-05,0.00012887,0,0,7.5508
3.8183e-05,0.00012887,0,0,7.5508
3.8183e-05,0,0,0,7.5508
3.8183e-05,0,0,0,7.5509
3.8183e-05,0,0,0,7.5515
3.8183e-05,0,0,0,7.5509
3.8183e-05,0,0,0,7.5509
3.8183e-05,0,0,0,7.5509
3.8183e-05,0,0,0,7.5509
3.8183e-05,0,0,0,7.5509
3.8183e-05,0,0,0,7.5509
3.8183e-05,0,0,0,7.5513
3.8183e-05,0,0,0,7.5509
3.8183e-05,0,0,0,7.5509
3.8183e-05,0,0,0,7.5509
3.8183e-05,0,0,0,7.5509
3.8183e-05,0,0,0,7.5508
3.8183e-05,0,0,0,7.5509
3.8183e-05,0,0,0,7.5509
3.8183e-05,0,0,0,7.5509
3.8183e-05,0,0,0,7.5509
3.8183e-05,0,0,0,7.5509
3.8183e-05,0,0,0,7.5509
3.8183e-05,0,0,0,7.5509
3.8183e-05,0,0,0,7.5509
3.8183e-05,0,0,0,7.5515
3.8183e-05,0,0,0,7.5508
3.8183e-05,0,0,0,7.5509
3.8183e-05,0,0,0,7.5509
3.8183e-05,0,0,0,7.5509
3.8183e-05,0,0,0,7.5508
3.8183e-05,0,0,0,7.5509
3.8183e-05,0,0,0,7.5509
3.8183e-05,0,0,0,7.5509
3.8183e-05,0,0,0,7.5509
3.8183e-05,0,0,0,7.5509
3.8183e-05,0,0,0,7.5509
3.8183e-05,0,0,0,7.5509
3.8183e-05,0,0,0,7.5506
3.8183e-05,0,0,0,7.5509
3.8183e-05,0,0,0,7.551
3.8183e-05,0,0,0,7.5509
3.8183e-05,0,0,0,7.5509
3.8183e-05,0,0,0,7.5509
3.8183e-05,0,0,0,7.5509
3.8183e-05,0,0,0,7.5509
3.8183e-05,0,0,0,7.5509
3.8183e-05,0,0,0,7.5484
3.8183e-05,0,0,0,7.5509
3.8183e-05,0,0,0,7.5509
3.8183e-05,0,0,0,7.5509
3.8183e-05,0,0,0,7.5509
3.8183e-05,0,0,0,7.5513
3.8183e-05,0,0,0,7.5515
3.8183e-05,0,0,0,7.5509
3.8183e-05,0,0,0,7.5509
3.8183e-05,0,0,0,7.5509
3.8183e-05,0,0,0,7.5509
3.8183e-05,0,0,0,7.5509
3.8183e-05,0,0,0,7.551
3.8183e-05,0,0,0,7.5509
3.8183e-05,0,0,0,7.5509
3.8183e-05,0,0,0,7.5511
3.8183e-05,0,0,0,7.5509
3.8183e-05,0,0,0,7.5509
3.8183e-05,0,0,0,7.5509
3.8183e-05,0,0,0,7.5503
3.8183e-05,0,0,0,7.5509
3.8183e-05,0,0,0,7.5509
3.8183e-05,0,0,0,7.5509
3.8183e-05,0,0,0,7.5497
3.8183e-05,0,0,0,7.5509
3.8183e-05,0,0,0,7.5509
3.8183e-05,0,0,0,7.5509
3.8183e-05,0,0,0,7.5504
3.8183e-05,0,0,0,7.551
3.8183e-05,0,0,0,7.5509
3.8183e-05,0,0,0,7.5509
3.8183e-05,0,0,0,7.5509
3.8183e-05,0,0,0,7.5509
3.8183e-05,0,0,0,7.5503
3.8183e-05,0,0,0,7.5509
3.8183e-05,0,0,0,7.5509
3.8183e-05,0,0,0.023724,7.5499
3.8183e-05,0,0,0.023724,7.55
3.8183e-05,0,0,0.023724,7.5504
3.8183e-05,0,0,0.023724,7.55
3.8183e-05,0,0,0.023724,7.55
3.8183e-05,0,0,0.023724,7.55
3.8183e-05,0,0,0.023724,7.55
3.8183e-05,0,0,0.023724,7.55
3.8183e-05,0,0,0.023724,7.55
3.8183e-05,0.00060038,0,0,7.55
3.8183e-05,0.00060038,0,0,7.5505
3.8183e-05,0.00060038,0,0,7.5505
3.8183e-05,0.00060038,0,0,7.5505
3.8183e-05,0.00060038,0,0,7.5497
3.8183e-05,0.00060038,0,0,7.5505
3.8183e-05,0,0,0,7.5505
3.8183e-05,0,0,0,7.5509
3.8183e-05,0,0,0,7.5509
3.8183e-05,0,0,0,7.5508
3.8183e-05,0,0,0,7.5509
3.8183e-05,0,0,0,7.5503
3.8183e-05,0,0,0,7.5509
3.8183e-05,0,0,0,7.5509
3.8183e-05,0,0,0,7.5509
3.8183e-05,0,0,0,7.5509
3.8183e-05,0,0,0,7.5509
3.8183e-05,0,0,0,7.5509
3.8183e-05,0,0,0,7.5509
3.8183e-05,0,0,0,7.5509
3.8183e-05,0,0,0,7.5509
3.8183e-05,0,0,0,7.5509
3.8183e-05,0,0,0,7.551
3.8183e-05,0,0,0,7.5509
3.8183e-05,0,0,0,7.5509
3.8183e-05,0,0,0,7.5509
3.8183e-05,0,0,0,7.5509
3.8183e-05,0,0,0,7.5503
3.8183e-05,0,0,0,7.5509
3.8183e-05,0,0,0,7.5508
3.8183e-05,0,0,0,7.5509
3.8183e-05,0,0,0,7.5509
3.8183e-05,0,0,0,7.5511
3.8183e-05,0,0,0,7.5509
3.8183e-05,0,0,0,7.5509
3.8183e-05,0,0,0,7.5511
3.8183e-05,0,0,0,7.5509
3.8183e-05,0,0,0,7.5509
3.8183e-05,0,0,0,7.5509
3.8183e-05,0,0,0,7.5509
3.8183e-05,0,0,0,7.551
3.8183e-05,0,0,0,7.5509
3.8183e-05,0,0,0,7.5509
3.8183e-05,0,0,0,7.5509
3.8183e-05,0,0,0,7.5509
3.8183e-05,0,0,0,7.5509
3.8183e-05,0,0,0,7.5509
3.8183e-05,0,0,0,7.5509
3.8183e-05,0,0,0,7.5509
3.8183e-05,0,0,0,7.5509
3.8183e-05,0,0,0,7.5509
3.8183e-05,0,0,0,7.5509
3.8183e-05,0,0,0,7.5515
3.8183e-05,0,0,0,7.5509
3.8183e-05,0,0,0,7.5509
3.8183e-05,0,0,0,7.5509
3.8183e-05,0,0,0,7.5509
3.8183e-05,0,0,0,7.5508
3.8183e-05,0,0,0,7.5509
3.8183e-05,0,0,0,7.5509
3.8183e-05,0,0,0,7.5509
3.8183e-05,0,0,0,7.5509
3.8183e-05,0,0,0,7.5509
3.8183e-05,0,0,0,7.5509
3.8183e-05,0,0,0,7.5509
3.8183e-05,0,0,0,7.5509
3.8183e-05,0,0,0,7.5509
3.8183e-05,0,0,0,7.5509
3.8183e-05,0,0,0,7.5509
3.8183e-05,0,0,0,7.5509
3.8183e-05,0,0,0,7.5498
3.8183e-05,0,0,0,7.5503
3.8183e-05,0,0,0,7.5509
3.8183e-05,0,0,0,7.5509
3.8183e-05,0,0,0,7.5509
3.8183e-05,0,0,0,7.5509
3.8183e-05,0,0,0,7.5509
3.8183e-05,0,0,0,7.5509
3.8183e-05,0,0,0,7.5509
3.8183e-05,0,0,0,7.5508
3.8183e-05,0,0,0,7.5509
3.8183e-05,0,0,0,7.5509
3.8183e-05,0,0,0,7.5509
3.8183e-05,0,0,0,7.5509
3.8183e-05,0,0,0,7.5504
3.8183e-05,0,0,0,7.5509
3.8183e-05,0,0,0,7.5509
3.8183e-05,0,0,0,7.5509
3.8183e-05,0,0,0,7.5497
3.8183e-05,0,0,0,7.5508
3.8183e-05,0,0,0,7.5509
3.8183e-05,0,0,0,7.5509
3.8183e-05,0,0,0,7.5509
3.8183e-05,0,0,0,7.5509
3.8183e-05,0,0,0,7.5509
3.8183e-05,0,0,0,7.5504
3.8183e-05,0,0,0,7.5509
3.8183e-05,0,0,0,7.5509
3.8183e-05,0,0,0,7.5509
3.8183e-05,0,0,0,7.5509
3.8183e-05,0,0,0,7.5509
3.8183e-05,0,0,0.019068,7.5498
3.8183e-05,0,0,0.019068,7.5502
3.8183e-05,0,0,0.019068,7.5502
3.8183e-05,0,0,0.019068,7.5502
3.8183e-05,0,0,0.019068,7.5502
3.8183e-05,0,0,0.019068,7.5502
3.8183e-05,0.00092463,0,0,7.5502
3.8183e-05,0.00092463,0,0,7.5501
3.8183e-05,0.00092463,0,0,7.5502
3.8183e-05,0.00092463,0,0,7.5507
3.8183e-05,0.00092463,0,0,7.55
3.8183e-05,0.00092463,0,0,7.5502
3.8183e-05,0.00092463,0,0,7.5502
3.8183e-05,0,0,0,7.5502
3.8183e-05,0,0,0,7.5509
3.8183e-05,0,0,0,7.5509
3.8183e-05,0,0,0,7.5509
3.8183e-05,0,0,0,7.5509
3.8183e-05,0,0,0,7.5509
3.8183e-05,0,0,0,7.5511
3.8183e-05,0,0,0,7.5509
3.8183e-05,0,0,0,7.5497
3.8183e-05,0,0,0,7.5509
3.8183e-05,0,0,0,7.5509
3.8183e-05,0,0,0,7.5509
3.8183e-05,0,0,0,7.5511
3.8183e-05,0,0,0,7.5509
3.8183e-05,0,0,0,7.5509
3.8183e-05,0,0,0,7.5509
3.8183e-05,0,0,0,7.5509
3.8183e-05,0,0,0,7.5509
3.8183e-05,0,0,0,7.5509
3.8183e-05,0,0,0,7.5509
3.8183e-05,0,0,0,7.5509
3.8183e-05,0,0,0,7.5509
3.8183e-05,0,0,0,7.5509
3.8183e-05,0,0,0,7.5509
3.8183e-05,0,0,0,7.5509
3.8183e-05,0,0,0,7.5509
3.8183e-05,0,0,0,7.5509
3.8183e-05,0,0,0,7.5509
3.8183e-05,0,0,0,7.5509
3.8183e-05,0,0,0,7.5509
3.8183e-05,0,0,0,7.5509
3.8183e-05,0,0,0,7.5509
3.8183e-05,0,0,0,7.5508
3.8183e-05,0,0,0,7.5509
3.8183e-05,0,0,0,7.5509
3.8183e-05,0,0,0,7.5515
3.8183e-05,0,0,0,7.5509
3.8183e-05,0,0,0,7.5509
3.8183e-05,0,0,0,7.5497
3.8183e-05,0,0,0,7.5509
3.8183e-05,0,0,0,7.5509
3.8183e-05,0,0,0,7.5509
3.8183e-05,0,0,0,7.5507
3.8183e-05,0,0,0,7.5509
3.8183e-05,0.00052796,0,0,7.5503
3.8183e-05,0.00052796,0,0,7.5505
3.8183e-05,0.00052796,0,0,7.5505
3.8183e-05,0.00052796,0,0,7.5505
3.8183e-05,0.00052796,0,0,7.5505
3.8183e-05,0,0,0,7.5505
3.8183e-05,0.00060923,0,0,7.5509
3.8183e-05,0.00060923,0,0,7.5505
3.8183e-05,0.00060923,0,0,7.551
3.8183e-05,0.00060923,0,0,7.5505
3.8183e-05,0,0,0,7.5504
3.8183e-05,0,0,0,7.5509
3.8183e-05,0,0,0,7.5509
3.8183e-05,0,0,0,7.5509
3.8183e-05,0,0,0,7.5497
3.8183e-05,0,0,0,7.5514
3.8183e-05,0,0,0,7.5509
3.8183e-05,0,0,0,7.5509
3.8183e-05,0,0,0,7.5509
3.8183e-05,0,0,0,7.5509
3.8183e-05,0,0,0,7.5509
3.8183e-05,0,0,0,7.5509
3.8183e-05,0,0,0,7.5509
3.8183e-05,0,0,0,7.5509
3.8183e-05,0,0,0,7.551
3.8183e-05,0,0,0,7.5509
3.8183e-05,0,0,0,7.5509
3.8183e-05,0,0,0,7.5509
3.8183e-05,0,0,0,7.5509
3.8183e-05,0,0,0,7.5509
3.8183e-05,0,0,0,7.5502
3.8183e-05,0,0,0,7.5509
3.8183e-05,0,0,0,7.5509
3.8183e-05,0,0,0,7.5509
3.8183e-05,0,0,0,7.5509
3.8183e-05,0,0,0,7.5509
3.8183e-05,0,0,0,7.5507
3.8183e-05,0,0,0,7.5509
3.8183e-05,0,0,0,7.5509
3.8183e-05,0,0,0,7.5509
3.8183e-05,0,0,0,7.5509
3.8183e-05,0,0,0,7.5509
3.8183e-05,0,0,0,7.5509
3.8183e-05,0,0,0,7.5509
3.8183e-05,0,0,0,7.5513
3.8183e-05,0,0,0,7.5509
3.8183e-05,0,0,0,7.5509
3.8183e-05,0,0,0,7.5509
3.8183e-05,0,0,0,7.551
3.8183e-05,0,0,0,7.5509
3.8183e-05,0,0,0,7.5504
3.8183e-05,0,0,0,7.5509
3.8183e-05,0,0,0,7.5509
3.8183e-05,0,0,0,7.5509
3.8183e-05,0,0,0,7.5509
3.8183e-05,0,0,0,7.5509
3.8183e-05,0,0,0,7.5509
3.8183e-05,0,0,0,7.5509
3.8183e-05,0,0,0,7.5509
3.8183e-05,0,0,0,7.5509
3.8183e-05,0,0,0,7.5509
3.8183e-05,0,0,0,7.5509
3.8183e-05,0,0,0,7.5509
3.8183e-05,0,0,0,7.5509
3.8183e-05,0,0,0,7.5509
3.8183e-05,0,0,0,7.5509
3.8183e-05,0,0,0,7.5509
3.8183e-05,0,0,0,7.5509
3.8183e-05,0,0,0,7.5498
3.8183e-05,0,0,0,7.5501
3.8183e-05,0,0,0,7.5509
3.8183e-05,0,0,0,7.5509
3.8183e-05,0,0,0,7.5509
3.8183e-05,0,0,0,7.5503
3.8183e-05,0,0,0,7.5509
3.8183e-05,0,0,0,7.5509
3.8183e-05,0,0,0,7.5509
3.8183e-05,0,0,0,7.5509
3.8183e-05,0,0,0,7.5509
3.8183e-05,0,0,0,7.5509
3.8183e-05,0,0,0,7.5509
3.8183e-05,0,0,0,7.5509
3.8183e-05,0,0,0,7.5509
3.8183e-05,0,0,0,7.5509
3.8183e-05,0,0,0,7.5509
3.8183e-05,0,0,0,7.5509
3.8183e-05,0,0,0,7.5509
3.8183e-05,0,0,0,7.5509
3.8183e-05,0,0,0,7.5506
3.8183e-05,0,0,0,7.5509
3.8183e-05,0,0,0,7.5509
3.8183e-05,0,0,0,7.5509
3.8183e-05,0,0,0,7.5509
3.8183e-05,0,0,0,7.5509
3.8183e-05,0,0,0,7.5509
3.8183e-05,0,0,0,7.5509
3.8183e-05,0,0,0,7.5509
3.8183e-05,0,0,0,7.5509
3.8183e-05,0,0,0,7.5509
3.8183e-05,0,0,0,7.5509
3.8183e-05,0,0,0,7.5509
3.8183e-05,0,0,0,7.5509
3.8183e-05,0.00082754,0,0,7.5497
3.8183e-05,0,0,0,7.5502
3.8183e-05,0,0,0,7.5509
3.8183e-05,0,0,0,7.5509
3.8183e-05,0,0,0,7.5509
3.8183e-05,0,0,0,7.5509
3.8183e-05,0,0,0,7.5509
3.8183e-05,0,0,0,7.5503
3.8183e-05,0,0,0,7.5509
3.8183e-05,0,0,0.00021102,7.5509
3.8183e-05,0,0,0.00021102,7.5509
3.8183e-05,0,0,0.00021102,7.5509
3.8183e-05,0,0,0.00021102,7.5509
3.8183e-05,0,0,0.00021102,7.5509
3.8183e-05,0,0,0.00021102,7.5509
3.8183e-05,0,0,0.00021102,7.5509
3.8183e-05,0,0,0,7.5509
3.8183e-05,0,0,0,7.5516
3.8183e-05,0,0,0,7.5504
3.8183e-05,0,0,0,7.5509
3.8183e-05,0,0,0,7.5509
3.8183e-05,0,0,0,7.5509
3.8183e-05,0,0,0,7.5509
3.8183e-05,0,0,0,7.5509
3.8183e-05,0,0,0,7.5509
3.8183e-05,0,0,0,7.5509
3.8183e-05,0,0,0,7.5503
3.8183e-05,0,0,0,7.5509
3.8183e-05,0,0,0,7.5509
3.8183e-05,0,0,0,7.5509
3.8183e-05,0,0,0,7.5512
3.8183e-05,0,0,0,7.5509
3.8183e-05,0,0,0,7.5509
3.8183e-05,0,0,0,7.5509
3.8183e-05,0,0,0,7.5498
3.8183e-05,0,0,0,7.5511
3.8183e-05,0,0,0,7.5509
3.8183e-05,0,0,0,7.5509
3.8183e-05,0.00051132,0,0,7.5509
3.8183e-05,0,0,0,7.5505
3.8183e-05,0,0,0,7.5509
3.8183e-05,0,0,0,7.5509
3.8183e-05,0,0,0,7.5509
3.8183e-05,0,0,0,7.5509
3.8183e-05,0,0,0,7.5509
3.8183e-05,0,0,0,7.5509
3.8183e-05,0,0,0,7.551
3.8183e-05,0,0,0,7.5509
3.8183e-05,0,0,0,7.5509
3.8183e-05,0,0,0,7.5509
3.8183e-05,0,0,0,7.5509
3.8183e-05,0,0,0,7.5509
3.8183e-05,0,0,0,7.5512
3.8183e-05,0,0,0,7.5512
3.8183e-05,0,0,0,7.5509
3.8183e-05,0,0,0,7.5509
3.8183e-05,0,0,0,7.5509
3.8183e-05,0,0,0,7.5509
3.8183e-05,0,0,0,7.5504
3.8183e-05,0,0,0,7.5509
3.8183e-05,0,0,0,7.5497
3.8183e-05,0,0,0,7.5509
3.8183e-05,0,0,0,7.5509
3.8183e-05,0,0,0,7.5509
3.8183e-05,0,0,0,7.5509
3.8183e-05,0,0,0,7.5509
3.8183e-05,0,0,0,7.5497
3.8183e-05,0,0,0,7.5503
3.8183e-05,0,0,0,7.5509
3.8183e-05,0,0,0,7.5509
3.8183e-05,0,0,0,7.5509
3.8183e-05,0,0,0,7.5509
3.8183e-05,0,0,0,7.5509
3.8183e-05,0,0,0,7.5509
3.8183e-05,0,0,0,7.5509
3.8183e-05,0,0,0,7.5509
3.8183e-05,0,0,0,7.551
3.8183e-05,0,0,0,7.5509
3.8183e-05,0,0,0,7.5509
3.8183e-05,0,0,0,7.5509
3.8183e-05,0,0,0,7.5509
3.8183e-05,0,0,0,7.5509
3.8183e-05,0,0,0,7.5509
3.8183e-05,0,0,0,7.5509
3.8183e-05,0,0,0,7.5509
3.8183e-05,0,0,0,7.5509
3.8183e-05,0,0,0,7.5508
3.8183e-05,0,0,0,7.5497
3.8183e-05,0,0,0,7.5509
3.8183e-05,0,0,0,7.5509
3.8183e-05,0,0,0,7.5509
3.8183e-05,0,0,0,7.5511
3.8183e-05,0,0,0,7.5512
3.8183e-05,0,0,0,7.5509
3.8183e-05,0,0,0,7.5509
3.8183e-05,0,0,0,7.5512
3.8183e-05,0,0,0,7.5514
3.8183e-05,0,0,0,7.5508
3.8183e-05,0,0,0,7.5517
3.8183e-05,0,0,0,7.5509
3.8183e-05,0,0,0,7.5509
3.8183e-05,0,0,0,7.5509
3.8183e-05,0,0,0,7.5509
3.8183e-05,0,0,0,7.5509
3.8183e-05,0,0,0,7.5509
3.8183e-05,0,0,0,7.5509
3.8183e-05,0,0,0,7.5509
3.8183e-05,0,0,0,7.5497
3.8183e-05,0,0,0,7.5509
3.8183e-05,0,0,0,7.5509
3.8183e-05,0,0,0,7.5509
3.8183e-05,0,0,0,7.5509
3.8183e-05,0,0,0,7.5509
3.8183e-05,0,0,0,7.5508
3.8183e-05,0,0,0,7.5509
3.8183e-05,0,0,0,7.5509
3.8183e-05,0,0,0,7.5509
3.8183e-05,0,0,0,7.5508
3.8183e-05,0,0,0,7.5509
3.8183e-05,0,0,0,7.5504
3.8183e-05,0,0,0,7.5509
3.8183e-05,0,0,0,7.5509
3.8183e-05,0,0,0,7.5509
3.8183e-05,0,0,0,7.5509
3.8183e-05,0,0,0,7.5509
3.8183e-05,0,0,0,7.5509
3.8183e-05,0,0,0,7.5509
3.8183e-05,0,0,0,7.5509
3.8183e-05,0,0,0,7.5509
3.8183e-05,0,0,0,7.5509
3.8183e-05,0,0,0,7.5509
3.8183e-05,0,0,0,7.5494
3.8183e-05,0,0,0,7.5509
3.8183e-05,0,0,0,7.5509
3.8183e-05,0,0,0,7.5509
3.8183e-05,0,0,0,7.5497
3.8183e-05,0,0,0,7.5509
3.8183e-05,0,0,0,7.5509
3.8183e-05,0,0,0,7.5509
3.8183e-05,0,0,0,7.5509
3.8183e-05,0,0,0,7.5509
3.8183e-05,0,0,0,7.5509
3.8183e-05,0,0,0,7.5509
3.8183e-05,0,0,0,7.5509
3.8183e-05,0,0,0,7.5509
3.8183e-05,0,0,0,7.5509
3.8183e-05,0,0,0,7.5509
3.8183e-05,0,0,0,7.5509
3.8183e-05,0,0,0,7.5498
3.8183e-05,0,0,0,7.5509
3.8183e-05,0,0,0,7.5509
3.8183e-05,0,0,0,7.5511
3.8183e-05,0,0,0,7.5509
3.8183e-05,0,0,0,7.5509
3.8183e-05,0,0,0,7.5509
3.8183e-05,0,0,0,7.5504
3.8183e-05,0,0,0,7.5509
3.8183e-05,0,0,0,7.5509
3.8183e-05,0,0,0,7.5509
3.8183e-05,0,0,0,7.5509
3.8183e-05,0,0,0,7.5509
3.8183e-05,0,0,0,7.5513
3.8183e-05,0,0,0,7.5509
3.8183e-05,0,0,0,7.5509
3.8183e-05,0,0,0,7.5509
3.8183e-05,0,0,0,7.551
3.8183e-05,0,0,0,7.551
3.8183e-05,0,0,0,7.5509
3.8183e-05,0,0,0,7.5501
3.8183e-05,0,0,0,7.5509
3.8183e-05,0,0,0,7.5509
3.8183e-05,0,0,0,7.5509
3.8183e-05,0,0,0,7.5503
3.8183e-05,0,0,0,7.5509
3.8183e-05,0,0,0,7.5509
3.8183e-05,0,0,0,7.5509
3.8183e-05,0,0,0,7.5509
3.8183e-05,0,0,0,7.5509
3.8183e-05,0,0,0,7.5503
3.8183e-05,0,0,0,7.5514
3.8183e-05,0,0,0,7.5509
3.8183e-05,0,0,0,7.5511
3.8183e-05,0,0,0,7.5509
3.8183e-05,0,0,0,7.5509
3.8183e-05,0,0,0,7.5509
3.8183e-05,0,0,0,7.5509
3.8183e-05,0,0,0,7.5497
3.8183e-05,0,0,0,7.5509
3.8183e-05,0,0,0,7.5509
3.8183e-05,0,0,0,7.5509
3.8183e-05,0,0,0,7.5509
3.8183e-05,0,0,0,7.5509
3.8183e-05,0,0,0,7.5509
3.8183e-05,0,0,0,7.5509
3.8183e-05,0,0,0,7.5509
3.8183e-05,0,0,0,7.5515
3.8183e-05,0,0,0,7.5509
3.8183e-05,0,0,0,7.5509
3.8183e-05,0.00034982,0,0,7.5497
3.8183e-05,0.00034982,0,0,7.5506
3.8183e-05,0,0,0,7.5506
3.8183e-05,0,0,0,7.5509
3.8183e-05,0,0,0,7.5509
3.8183e-05,0,0,0,7.5509
3.8183e-05,0,0,0,7.5509
3.8183e-05,0,0,0,7.5509
3.8183e-05,0,0,0,7.5509
3.8183e-05,0,0,0,7.5509
3.8183e-05,0,0,0,7.5509
3.8183e-05,0,0,0,7.5509
3.8183e-05,0,0,0,7.5509
3.8183e-05,0,0,0,7.5509
3.8183e-05,0,0,0,7.5513
3.8183e-05,0,0,0,7.551
3.8183e-05,0,0,0,7.5509
3.8183e-05,0,0,0,7.5509
3.8183e-05,0,0,0,7.5509
3.8183e-05,0,0,0,7.5509
3.8183e-05,0,0,0,7.5509
3.8183e-05,0,0,0,7.5509
3.8183e-05,0,0,0,7.5509
3.8183e-05,0,0,0,7.5504
3.8183e-05,0,0,0,7.5509
3.8183e-05,0,0,0,7.5509
3.8183e-05,0,0,0,7.5509
3.8183e-05,0,0,0,7.5509
3.8183e-05,0,0,0,7.5505
3.8183e-05,0,0,0,7.5509
3.8183e-05,0,0,0,7.5502
3.8183e-05,0,0,0,7.5509
3.8183e-05,0,0,0,7.5509
3.8183e-05,0,0,0,7.5509
3.8183e-05,0,0,0,7.5509
3.8183e-05,0,0,0,7.5509
3.8183e-05,0,0,0,7.5509
3.8183e-05,0,0,0,7.5509
3.8183e-05,0,0,0,7.5509
3.8183e-05,0,0,0,7.5509
3.8183e-05,0,0,0,7.5509
3.8183e-05,0,0,0,7.5508
3.8183e-05,0,0,0,7.5504
3.8183e-05,0,0,0,7.5509
3.8183e-05,0,0,0,7.5509
3.8183e-05,0,0,0,7.5509
3.8183e-05,0,0,0,7.5509
3.8183e-05,0,0,0,7.5509
3.8183e-05,0,0,0,7.5509
3.8183e-05,0,0,0,7.5509
3.8183e-05,0,0,0,7.5509
3.8183e-05,0,0,0,7.5509
3.8183e-05,0,0,0,7.5509
3.8183e-05,0,0,0,7.5509
3.8183e-05,0.00018673,0,0,7.5502
3.8183e-05,0.00018673,0,0,7.5508
3.8183e-05,0.00018673,0,0,7.5508
3.8183e-05,0.00047733,0,0,7.5502
3.8183e-05,0,0,0,7.5506
3.8183e-05,0,0,0,7.5509
3.8183e-05,0,0,0,7.5505
3.8183e-05,0,0,0,7.5509
3.8183e-05,0,0,0,7.5509
3.8183e-05,0,0,0,7.5509
3.8183e-05,0,0,0,7.5509
3.8183e-05,0,0,0,7.5511
3.8183e-05,0,0,0,7.5509
3.8183e-05,0,0,0,7.5509
3.8183e-05,0,0,0,7.551
3.8183e-05,0,0,0,7.5509
3.8183e-05,0,0,0,7.5509
3.8183e-05,0,0,0,7.5509
3.8183e-05,0,0,0,7.5501
3.8183e-05,0,0,0,7.5509
3.8183e-05,0,0,0,7.5509
3.8183e-05,0,0,0,7.5509
3.8183e-05,0,0,0,7.5509
3.8183e-05,0,0,0,7.5509
3.8183e-05,0,0,0,7.5509
3.8183e-05,0,0,0,7.5513
3.8183e-05,0,0,0,7.5509
3.8183e-05,0,0,0,7.5509
3.8183e-05,0,0,0,7.5509
3.8183e-05,0,0,0,7.5509
3.8183e-05,0,0,0,7.5509
3.8183e-05,0,0,0,7.5509
3.8183e-05,0.0012748,0,0,7.5497
3.8183e-05,0,0,0.034553,7.55
3.8183e-05,0,0,0.034553,7.5496
3.8183e-05,0,0,0.034553,7.5496
3.8183e-05,3.8946e-05,0,0,7.5495
3.8183e-05,3.8946e-05,0,0,7.5508
3.8183e-05,3.8946e-05,0,0,7.5509
3.8183e-05,3.8946e-05,0,0,7.5509
3.8183e-05,0,0,0,7.5509
3.8183e-05,0,0,0,7.5509
3.8183e-05,0,0,0,7.5509
3.8183e-05,0,0,0,7.5509
3.8183e-05,0,0,0,7.5509
3.8183e-05,0,0,0,7.5509
3.8183e-05,0,0,0,7.5484
3.8183e-05,0,0,0,7.5509
3.8183e-05,0,0,0,7.5509
3.8183e-05,0,0,0,7.5509
3.8183e-05,0,0,0,7.5521
3.8183e-05,0,0,0,7.5509
3.8183e-05,0,0,0,7.5509
3.8183e-05,0,0,0,7.5509
3.8183e-05,0,0,0,7.5515
3.8183e-05,0,0,0,7.5511
3.8183e-05,0,0,0,7.5509
3.8183e-05,0,0,0,7.551
3.8183e-05,0,0,0,7.5509
3.8183e-05,0,0,0,7.5509
3.8183e-05,0,0,0,7.5509
3.8183e-05,0,0,0,7.5498
3.8183e-05,0,0,0,7.5491
3.8183e-05,0,0,0,7.5509
3.8183e-05,0,0,0,7.5512
3.8183e-05,0,0,0,7.5509
3.8183e-05,0,0,0,7.5509
3.8183e-05,0,0,0.00073992,7.5509
3.8183e-05,0,0,0.00073992,7.5509
3.8183e-05,0,0,0.00073992,7.5509
3.8183e-05,0,0,0.00073992,7.5502
3.8183e-05,0,0,0.00073992,7.5509
3.8183e-05,0,0,0.00073992,7.5509
3.8183e-05,0,0,0.00073992,7.5509
3.8183e-05,0,0,0.00073992,7.5509
3.8183e-05,0,0,0,7.5509
3.8183e-05,0,0,0,7.5509
3.8183e-05,0,0,0,7.5509
3.8183e-05,0,0,0,7.5509
3.8183e-05,0,0,0,7.5509
3.8183e-05,0,0,0,7.5506
3.8183e-05,0,0,0,7.5509
3.8183e-05,0,0,0,7.5509
3.8183e-05,0,0,0,7.551
3.8183e-05,0,0,0,7.5509
3.8183e-05,0,0,0,7.5509
3.8183e-05,0,0,0,7.5509
3.8183e-05,0,0,0,7.5509
3.8183e-05,0,0,0,7.5509
3.8183e-05,0,0,0,7.5509
3.8183e-05,0,0,0,7.5509
3.8183e-05,0,0,0,7.5509
3.8183e-05,0,0,0,7.5513
3.8183e-05,0,0,0,7.5509
3.8183e-05,0,0,0,7.5509
3.8183e-05,0,0,0,7.5509
3.8183e-05,0,0,0,7.5508
3.8183e-05,0,0,0,7.5509
3.8183e-05,0,0,0,7.5512
3.8183e-05,0,0,0,7.5509
3.8183e-05,0,0,0,7.5497
3.8183e-05,0,0,0,7.5509
3.8183e-05,0,0,0,7.5501
3.8183e-05,0,0,0,7.5509
3.8183e-05,0,0,0,7.5509
3.8183e-05,0,0,0,7.5509
3.8183e-05,0,0,0,7.5509
3.8183e-05,0,0,0,7.5509
3.8183e-05,0,0,0,7.5509
3.8183e-05,0,0,0,7.5509
3.8183e-05,0,0,0,7.5503
3.8183e-05,0,0,0,7.549
3.8183e-05,0,0,0,7.5509
3.8183e-05,0,0,0,7.5506
3.8183e-05,0,0,0,7.5508
3.8183e-05,0,0,0,7.5497
3.8183e-05,0,0,0,7.5509
3.8183e-05,0,0,0,7.5509
3.8183e-05,0,0,0,7.5509
3.8183e-05,0,0,0,7.5509
3.8183e-05,0,0,0.011821,7.5509
3.8183e-05,0,0,0.011821,7.5505
3.8183e-05,0,0,0.011821,7.5505
3.8183e-05,0,0,0.011821,7.5505
3.8183e-05,0,0,0,7.5505
3.8183e-05,0,0,0,7.5509
3.8183e-05,0,0,0,7.5509
3.8183e-05,0,0,0,7.5509
3.8183e-05,0,0,0,7.5509
3.8183e-05,0,0,0,7.5509
3.8183e-05,0,0,0,7.5509
3.8183e-05,0,0,0,7.5509
3.8183e-05,0,0,0,7.5509
3.8183e-05,0,0,0,7.5504
3.8183e-05,0,0,0,7.5509
3.8183e-05,0,0,0,7.5513
3.8183e-05,0,0,0,7.5509
3.8183e-05,0,0,0,7.5509
3.8183e-05,0,0,0,7.5498
3.8183e-05,0,0,0,7.5509
3.8183e-05,0,0,0,7.5503
3.8183e-05,0,0,0,7.5509
3.8183e-05,0,0,0,7.5521
3.8183e-05,0,0,0,7.5509
3.8183e-05,0,0,0,7.5509
